1890814,27.00,0.04,-0.22,28.00,0.42,-0.36,26.00,-0.04,-0.00
1890874,27.00,-0.08,-0.22,28.00,1.05,-0.13,26.00,0.04,0.02
1890934,27.00,0.07,-0.14,28.00,1.47,-0.24,26.00,-0.11,-0.03
1890994,27.00,-0.07,-0.16,28.00,2.01,0.04,26.00,-0.02,-0.00
1891054,27.00,-0.01,0.08,28.00,2.45,0.22,26.00,-0.10,-0.02
1891115,27.00,0.07,-0.15,28.00,2.98,0.03,26.00,-0.02,0.07
1891175,27.00,0.01,-0.32,28.00,3.32,0.15,26.00,0.01,-0.05
1891235,27.00,0.01,-0.25,28.00,3.42,0.05,26.00,0.02,-0.05
1891295,27.00,-0.08,-0.14,28.00,3.90,-0.36,26.00,-0.04,-0.02
1891355,27.00,0.05,-0.18,28.00,3.85,-0.48,26.00,-0.04,0.09
1891415,27.00,0.08,-0.23,28.00,4.02,-0.29,26.00,-0.05,-0.03
1891475,27.00,-0.01,-0.15,28.00,3.83,0.14,26.00,-0.02,-0.07
1891536,27.00,0.08,-0.18,28.00,3.77,0.03,26.00,-0.14,-0.13
1891596,27.00,-0.01,-0.18,28.00,3.05,0.08,26.00,-0.04,-0.06
1891656,27.00,0.07,-0.13,28.00,3.00,0.03,26.00,-0.02,-0.08
1891716,27.00,-0.10,-0.13,28.00,2.72,-0.28,26.00,0.02,-0.05
1891776,27.00,-0.01,-0.21,28.00,2.19,-0.07,26.00,-0.05,0.01
1891836,27.00,0.30,-0.09,28.00,1.79,-0.05,26.00,-0.01,-0.08
1891896,27.00,0.01,-0.21,28.00,1.02,0.21,26.00,0.02,-0.04
1891956,27.00,-0.10,-0.34,28.00,0.51,0.22,26.00,0.04,-0.07
1892017,27.00,0.01,-0.22,28.00,-0.15,-0.02,26.00,-0.10,-0.04
1892077,27.00,0.12,-0.08,28.00,-0.61,-0.10,26.00,0.02,-0.09
1892137,27.00,0.05,-0.13,28.00,-1.03,-0.41,26.00,-0.02,-0.13
1892197,27.00,0.05,-0.09,28.00,-1.78,-0.04,26.00,0.01,-0.06
1892257,27.00,0.04,-0.14,28.00,-2.23,-0.29,26.00,0.02,-0.09
1892317,27.00,-0.04,-0.26,28.00,-2.89,-0.27,26.00,-0.05,-0.01
1892377,27.00,0.27,-0.32,28.00,-3.19,-0.37,26.00,0.05,0.05
1892438,27.00,-0.04,-0.18,28.00,-3.23,-0.53,26.00,-0.01,0.07
1892498,27.00,0.07,-0.29,28.00,-3.64,-0.20,26.00,0.01,-0.03
1892558,27.00,0.04,-0.19,28.00,-3.82,-0.18,26.00,-0.02,-0.15
1892618,27.00,0.05,-0.23,28.00,-3.85,-0.31,26.00,0.01,-0.10
1892678,27.00,0.10,-0.26,28.00,-3.96,-0.44,26.00,0.05,0.04
1892738,27.00,-0.05,-0.21,28.00,-3.85,-0.03,26.00,0.02,0.03
1892798,27.00,-0.04,-0.16,28.00,-3.45,-0.38,26.00,-0.02,0.00
1892858,27.00,-0.04,-0.18,28.00,-3.23,-0.55,26.00,-0.05,-0.10
1892919,27.00,0.05,-0.15,28.00,-3.17,-0.57,26.00,-0.05,-0.02
1892979,27.00,0.02,-0.15,28.00,-2.40,-0.59,26.00,0.02,0.04
1893039,27.00,-0.21,-0.36,28.00,-2.26,-0.36,26.00,-0.04,-0.03
1893099,27.00,-0.04,-0.24,28.00,-1.68,-0.38,26.00,-0.05,-0.02
1893159,27.00,0.07,-0.37,28.00,-1.06,-0.87,26.00,-0.01,-0.01
1893219,27.00,-0.15,-0.24,28.00,-0.08,-1.05,26.00,0.02,-0.00
1893279,27.00,0.07,-0.23,28.00,0.11,-0.46,26.00,0.02,-0.05
1893340,27.00,-0.07,-0.07,28.00,0.73,-0.27,26.00,-0.02,-0.04
1893400,27.00,0.02,-0.14,28.00,1.43,-0.66,26.00,-0.02,-0.10
1893460,27.00,0.05,-0.31,28.00,1.88,-0.14,26.00,0.01,-0.05
1893520,27.00,0.08,-0.24,28.00,2.59,-0.01,26.00,0.01,-0.01
1893580,27.00,0.05,-0.16,28.00,2.78,0.12,26.00,-0.02,-0.15
1893640,27.00,-0.15,-0.24,28.00,2.84,-0.49,26.00,-0.02,-0.04
1893700,27.00,0.04,-0.18,28.00,3.57,-0.45,26.00,0.01,0.01
1893760,27.00,-0.05,-0.34,28.00,3.47,0.07,26.00,0.01,-0.06
1893821,27.00,-0.08,-0.32,28.00,3.67,0.33,26.00,0.01,-0.05
1893881,27.00,0.08,-0.05,28.00,3.85,-0.53,26.00,-0.04,-0.07
1893941,27.00,-0.07,-0.12,28.00,3.99,-0.10,26.00,-0.05,0.08
1894001,27.00,0.01,-0.14,28.00,3.79,-0.12,26.00,0.10,-0.02
1894061,27.00,0.01,-0.23,28.00,3.58,-0.80,26.00,-0.04,-0.00
1894121,27.00,-0.05,-0.19,28.00,3.48,0.07,26.00,0.01,0.00
1894181,27.00,-0.12,-0.09,28.00,2.70,0.42,26.00,-0.05,-0.03
1894242,27.00,0.15,-0.12,28.00,2.53,-0.07,26.00,-0.02,0.03
1894302,27.00,0.12,-0.02,28.00,1.97,-0.17,26.00,-0.01,-0.07
1894362,27.00,-0.12,-0.19,28.00,1.33,0.12,26.00,-0.07,-0.11
1894422,27.00,0.05,-0.34,28.00,0.89,-0.25,26.00,-0.01,-0.10
1894482,27.00,0.08,-0.18,28.00,0.33,-0.10,26.00,-0.05,-0.00
1894542,27.00,-0.01,-0.26,28.00,-0.23,-0.38,26.00,0.02,-0.02
1894602,27.00,-0.02,-0.09,28.00,-1.09,-0.27,26.00,-0.01,-0.08
1894662,27.00,0.20,-0.25,28.00,-1.44,-0.28,26.00,0.02,-0.05
1894723,27.00,0.04,-0.11,28.00,-2.09,-0.33,26.00,0.07,-0.08
1894783,27.00,-0.01,0.00,28.00,-2.42,-0.22,26.00,-0.01,-0.04
1894843,27.00,-0.17,-0.08,28.00,-3.07,-0.02,26.00,-0.05,-0.05
1894903,27.00,-0.01,-0.29,28.00,-3.14,-0.41,26.00,-0.01,0.00
1894963,27.00,-0.15,-0.29,28.00,-3.29,-0.52,26.00,0.01,-0.02
1895023,27.00,-0.05,-0.24,28.00,-3.71,-0.04,26.00,-0.01,-0.02
1895083,27.00,-0.01,-0.42,28.00,-3.92,-0.44,26.00,0.01,0.06
1895144,27.00,-0.05,-0.29,28.00,-3.96,-0.43,26.00,0.01,-0.01
1895204,27.00,0.11,-0.34,28.00,-4.05,-0.58,26.00,-0.08,0.00
1895264,27.00,-0.17,-0.22,28.00,-3.80,-1.06,26.00,0.01,0.03
1895324,27.00,-0.07,-0.35,28.00,-3.47,-0.66,26.00,0.01,-0.06
1895384,27.00,-0.02,-0.23,28.00,-3.03,-0.18,26.00,-0.01,-0.09
1895444,27.00,0.01,-0.18,28.00,-2.86,-0.15,26.00,-0.02,0.04
1895504,27.00,-0.04,-0.24,28.00,-2.40,-0.70,26.00,0.01,-0.10
1895564,27.00,0.02,-0.12,28.00,-1.79,-0.95,26.00,0.02,-0.09
1895625,27.00,0.01,-0.10,28.00,-1.33,-0.52,26.00,-0.11,-0.03
1895685,27.00,-0.12,-0.29,28.00,-0.62,-0.97,26.00,0.02,-0.02
1895745,27.00,0.24,-0.29,28.00,0.01,-0.70,26.00,-0.02,0.05
1895805,27.00,-0.18,-0.16,28.00,0.37,-0.29,26.00,-0.02,0.02
1895865,27.00,0.05,-0.12,28.00,0.90,0.45,26.00,-0.10,-0.06
1895925,27.00,0.08,-0.25,28.00,1.66,-0.02,26.00,-0.01,0.02
1895985,27.00,-0.02,-0.14,28.00,1.96,-0.42,26.00,0.01,-0.00
1896046,27.00,-0.15,-0.16,28.00,2.60,-0.50,26.00,-0.04,0.03
1896106,27.00,-0.01,-0.15,28.00,3.01,-0.06,26.00,-0.02,-0.08
1896166,27.00,-0.04,-0.22,28.00,3.26,-0.15,26.00,-0.04,-0.06
1896226,27.00,0.15,-0.14,28.00,3.57,-0.13,26.00,-0.01,-0.07
1896286,27.00,-0.11,-0.26,28.00,3.98,-0.04,26.00,0.01,-0.06
1896346,27.00,0.02,-0.22,28.00,3.98,0.12,26.00,-0.02,-0.00
1896406,27.00,0.01,-0.14,28.00,3.83,0.11,26.00,-0.02,-0.02
1896466,27.00,-0.10,-0.31,28.00,3.85,-0.17,26.00,-0.05,-0.08
1896527,27.00,-0.01,-0.18,28.00,3.41,0.08,26.00,0.12,-0.05
1896587,27.00,0.12,-0.11,28.00,3.32,-0.11,26.00,-0.01,-0.01
1896647,27.00,0.04,-0.04,28.00,3.29,-0.04,26.00,0.02,-0.07
1896707,27.00,-0.05,-0.23,28.00,2.70,0.04,26.00,0.01,-0.07
1896767,27.00,-0.17,-0.24,28.00,2.03,-0.45,26.00,-0.01,-0.07
1896827,27.00,0.02,-0.12,28.00,1.82,0.16,26.00,0.01,-0.02
1896887,27.00,-0.14,-0.28,28.00,1.08,-0.29,26.00,0.05,0.05
1896948,27.00,0.05,-0.22,28.00,0.32,0.08,26.00,-0.01,-0.04
1897008,27.00,-0.01,-0.29,28.00,-0.07,0.00,26.00,0.01,-0.05
1897068,27.00,-0.04,-0.09,28.00,-0.59,-0.25,26.00,0.02,0.00
1897128,27.00,0.05,-0.22,28.00,-1.18,0.19,26.00,-0.04,-0.12
1897188,27.00,0.04,-0.01,28.00,-1.79,-0.29,26.00,-0.05,-0.00
1897248,27.00,-0.02,-0.18,28.00,-2.03,-0.35,26.00,0.04,-0.07
1897308,27.00,-0.15,-0.08,28.00,-2.69,-0.01,26.00,0.01,-0.07
1897369,27.00,0.01,-0.29,28.00,-3.05,0.07,26.00,-0.07,-0.07
1897429,27.00,0.11,-0.35,28.00,-3.38,-0.07,26.00,-0.05,-0.07
1897489,27.00,-0.17,-0.35,28.00,-3.96,-0.10,26.00,0.04,0.00
1897549,27.00,-0.08,-0.38,28.00,-3.96,-0.34,26.00,-0.01,0.03
1897609,27.00,-0.04,-0.36,28.00,-3.71,-0.16,26.00,-0.04,-0.10
1897669,27.00,-0.02,-0.15,28.00,-3.96,-0.25,26.00,-0.05,-0.09
1897729,27.00,-0.02,-0.24,28.00,-4.08,-0.15,26.00,-0.04,0.01
1897789,27.00,0.08,-0.16,28.00,-3.61,-0.40,26.00,-0.07,0.05
1897850,27.00,0.02,-0.14,28.00,-3.66,-0.31,26.00,-0.02,-0.04
1897910,27.00,-0.01,-0.20,28.00,-2.94,-0.58,26.00,-0.02,-0.01
1897970,27.00,0.05,-0.22,28.00,-2.66,-0.42,26.00,-0.02,-0.07
1898030,27.00,0.04,-0.20,28.00,-2.03,-0.65,26.00,-0.04,0.02
1898090,27.00,-0.15,-0.15,28.00,-1.40,-0.47,26.00,-0.04,-0.07
1898150,27.00,0.07,0.12,28.00,-0.95,-0.47,26.00,0.04,-0.07
1898210,27.00,0.14,-0.10,28.00,-0.23,-0.76,26.00,0.02,-0.07
1898271,27.00,-0.08,-0.20,28.00,-0.11,-0.49,26.00,-0.05,-0.05
1898331,27.00,-0.02,-0.17,28.00,0.49,-0.08,26.00,-0.01,-0.07
1898391,27.00,0.12,-0.19,28.00,1.14,0.05,26.00,-0.04,-0.01
1898451,27.00,-0.02,-0.16,28.00,1.81,-0.23,26.00,-0.01,0.04
1898511,27.00,0.04,-0.09,28.00,2.07,-0.57,26.00,-0.04,0.01
1898571,27.00,-0.04,-0.26,28.00,2.75,-0.22,26.00,-0.04,-0.00
1898631,27.00,-0.08,-0.15,28.00,3.05,0.04,26.00,-0.04,-0.02
1898691,27.00,0.07,-0.11,28.00,3.45,-0.00,26.00,-0.04,-0.05
1898752,27.00,0.10,-0.23,28.00,3.55,0.07,26.00,-0.05,-0.06
1898812,27.00,0.11,-0.18,28.00,3.88,-0.10,26.00,0.01,-0.08
1898872,27.00,-0.05,-0.23,28.00,4.01,-0.05,26.00,-0.04,-0.05
1898932,27.00,0.04,-0.11,28.00,4.12,0.14,26.00,-0.10,-0.09
1898992,27.00,-0.10,-0.37,28.00,3.77,0.44,26.00,-0.01,0.04
1899052,27.00,0.10,-0.19,28.00,3.58,0.34,26.00,-0.04,-0.00
1899112,27.00,-0.07,-0.11,28.00,3.16,-0.07,26.00,0.02,-0.11
1899173,27.00,0.04,-0.05,28.00,2.95,0.42,26.00,-0.01,-0.06
1899233,27.00,0.04,-0.05,28.00,2.56,0.26,26.00,-0.10,-0.02
1899293,27.00,-0.02,-0.16,28.00,1.93,0.07,26.00,-0.04,-0.05
1899353,27.00,0.05,-0.36,28.00,1.44,0.48,26.00,-0.12,0.04
1899413,27.00,0.05,-0.04,28.00,0.75,0.67,26.00,-0.04,-0.01
1899473,27.00,-0.08,-0.03,28.00,0.27,0.39,26.00,-0.02,-0.00
1899533,27.00,0.08,-0.21,28.00,-0.14,-0.31,26.00,0.04,0.01
1899593,27.00,-0.02,-0.13,28.00,-0.83,0.07,26.00,0.01,-0.06
1899654,27.00,-0.05,-0.18,28.00,-1.44,0.55,26.00,0.01,0.06
1899714,27.00,-0.04,-0.35,28.00,-1.69,0.20,26.00,0.02,-0.06
1899774,27.00,0.12,-0.30,28.00,-2.47,0.08,26.00,-0.01,-0.07
1899834,27.00,0.11,-0.08,28.00,-2.97,-0.61,26.00,-0.05,-0.00
1899894,27.00,-0.01,-0.22,28.00,-3.45,-0.06,26.00,0.04,-0.11
1899954,27.00,-0.01,-0.30,28.00,-3.36,-0.29,26.00,-0.04,-0.12
1900014,27.00,0.14,-0.15,28.00,-3.49,-0.50,26.00,-0.05,-0.06
1900075,27.00,-0.02,-0.34,28.00,-3.77,-0.30,26.00,-0.01,-0.03
1900135,27.00,-0.05,-0.24,28.00,-3.95,-0.29,26.00,-0.01,-0.01
1900195,27.00,-0.10,-0.24,28.00,-3.71,-0.30,26.00,0.01,0.06
1900255,27.00,0.15,-0.40,28.00,-3.93,-0.22,26.00,-0.07,-0.02
1900315,27.00,0.08,-0.33,28.00,-3.39,0.15,26.00,0.04,-0.02
1900375,27.00,-0.05,-0.15,28.00,-3.32,-0.13,26.00,0.01,-0.04
1900435,27.00,-0.01,-0.17,28.00,-2.66,-0.36,26.00,-0.04,-0.07
1900495,27.00,-0.10,-0.36,28.00,-2.10,-0.16,26.00,0.04,-0.06
1900556,27.00,0.02,-0.43,28.00,-1.74,-0.64,26.00,0.04,-0.08
1900616,27.00,0.08,-0.23,28.00,-1.27,-0.61,26.00,-0.04,-0.04
1900676,27.00,0.07,-0.47,28.00,-0.83,-1.02,26.00,-0.04,-0.06
1900736,27.00,0.20,-0.16,28.00,-0.21,-0.36,26.00,-0.01,0.03
1900796,27.00,-0.01,-0.32,28.00,0.32,-0.27,26.00,-0.01,-0.03
1900856,27.00,0.01,-0.24,28.00,0.86,-0.61,26.00,0.12,-0.05
1900916,27.00,-0.29,-0.13,28.00,1.43,-0.30,26.00,-0.05,-0.05
1900977,27.00,-0.04,-0.18,28.00,2.01,0.15,26.00,-0.01,-0.03
1901037,27.00,0.05,-0.12,28.00,2.29,0.16,26.00,0.01,-0.06
1901097,27.00,-0.08,-0.23,28.00,3.16,-0.53,26.00,-0.02,0.00
1901157,27.00,0.11,-0.10,28.00,3.27,-0.36,26.00,0.01,-0.00
1901217,27.00,0.02,-0.32,28.00,3.47,0.03,26.00,-0.01,-0.12
1901277,27.00,-0.04,-0.17,28.00,3.83,-0.20,26.00,0.01,-0.07
1901337,27.00,0.05,-0.11,28.00,4.11,-0.29,26.00,0.02,-0.02
1901397,27.00,-0.04,-0.22,28.00,4.10,-0.22,26.00,-0.05,-0.01
1901458,27.00,0.02,-0.15,28.00,3.79,-0.18,26.00,-0.04,-0.05
1901518,27.00,0.02,-0.23,28.00,3.54,0.00,26.00,0.04,-0.09
1901578,27.00,0.04,-0.32,28.00,3.61,0.28,26.00,-0.02,-0.08
1901638,27.00,0.02,-0.35,28.00,3.07,0.36,26.00,-0.05,0.03
1901698,27.00,-0.27,-0.37,28.00,2.66,-0.17,26.00,-0.04,-0.07
1901758,27.00,0.11,-0.20,28.00,2.10,-0.00,26.00,-0.02,-0.00
1901818,27.00,-0.07,-0.14,28.00,1.69,0.44,26.00,0.07,-0.12
1901879,27.00,0.05,-0.22,28.00,1.30,0.23,26.00,0.02,-0.00
1901939,27.00,-0.02,-0.20,28.00,0.70,0.19,26.00,-0.05,-0.04
1901999,27.00,-0.07,-0.21,28.00,0.18,-0.01,26.00,-0.05,-0.07
1902059,27.00,0.01,-0.18,28.00,-0.58,-0.37,26.00,-0.05,-0.10
1902119,27.00,0.10,-0.17,28.00,-0.97,-0.21,26.00,0.07,0.04
1902179,27.00,0.11,-0.09,28.00,-1.65,-0.48,26.00,0.01,-0.08
1902239,27.00,-0.02,-0.17,28.00,-2.15,0.02,26.00,-0.04,-0.06
1902300,27.00,-0.11,-0.10,28.00,-2.79,-0.16,26.00,-0.01,-0.10
1902360,27.00,0.01,-0.22,28.00,-3.33,-0.46,26.00,-0.01,-0.14
1902420,27.00,0.07,-0.16,28.00,-3.44,0.03,26.00,0.08,-0.10
1902480,27.00,0.01,-0.25,28.00,-3.52,-0.29,26.00,-0.01,-0.07
1902540,27.00,0.20,-0.36,28.00,-3.88,-0.54,26.00,0.04,-0.03
1902600,27.00,-0.07,-0.15,28.00,-3.95,-0.03,26.00,0.02,0.00
1902660,27.00,0.08,-0.12,28.00,-3.77,-0.37,26.00,-0.02,-0.06
1902720,27.00,0.01,-0.22,28.00,-3.76,-0.43,26.00,0.02,-0.04
1902781,27.00,0.10,-0.19,28.00,-3.27,-0.80,26.00,0.02,-0.07
1902841,27.00,-0.11,-0.38,28.00,-3.23,-0.31,26.00,0.04,-0.06
1902901,27.00,-0.01,-0.10,28.00,-2.94,-0.53,26.00,-0.01,0.01
1902961,27.00,-0.10,-0.01,28.00,-2.60,-0.55,26.00,0.01,0.03
1903021,27.00,-0.05,-0.29,28.00,-2.32,-0.15,26.00,0.04,0.00
1903081,27.00,0.02,-0.21,28.00,-1.53,-0.49,26.00,-0.02,0.00
1903141,27.00,0.14,-0.16,28.00,-1.37,-0.09,26.00,0.01,0.05
1903202,27.00,0.08,-0.20,28.00,-0.51,-0.74,26.00,-0.02,-0.06
1903262,27.00,0.05,-0.16,28.00,-0.15,-0.52,26.00,0.05,0.03
1903322,27.00,0.12,-0.10,28.00,0.43,-0.02,26.00,-0.01,0.11
1903382,27.00,0.01,-0.22,28.00,0.77,-0.02,26.00,0.01,-0.00
1903442,27.00,-0.26,-0.26,28.00,1.59,-0.25,26.00,-0.02,0.05
1903502,27.00,-0.05,-0.10,28.00,2.47,0.02,26.00,0.01,0.00
1903562,27.00,0.05,-0.21,28.00,2.57,0.22,26.00,-0.02,-0.09
1903622,27.00,-0.01,-0.10,28.00,2.89,-0.46,26.00,0.02,-0.08
1903683,27.00,-0.15,-0.21,28.00,3.44,-0.36,26.00,-0.01,-0.00
1903743,27.00,0.10,-0.15,28.00,3.58,0.10,26.00,0.01,-0.00
1903803,27.00,0.04,-0.10,28.00,3.90,0.25,26.00,-0.05,0.00
1903863,27.00,0.04,-0.13,28.00,3.63,0.03,26.00,-0.05,-0.03
1903923,27.00,0.02,-0.18,28.00,3.98,0.26,26.00,-0.08,-0.04
1903983,27.00,0.14,0.01,28.00,3.98,-0.22,26.00,0.01,-0.05
1904043,27.00,0.02,-0.08,28.00,3.52,-0.26,26.00,0.02,0.01
1904104,27.00,-0.11,-0.17,28.00,3.35,-0.03,26.00,0.07,-0.09
1904164,27.00,-0.07,-0.33,28.00,2.91,-0.27,26.00,0.02,0.00
1904224,27.00,-0.01,-0.25,28.00,2.41,-0.63,26.00,0.01,-0.09
1904284,27.00,0.12,-0.21,28.00,2.16,-0.02,26.00,0.01,-0.07
1904344,27.00,-0.12,-0.27,28.00,1.58,0.13,26.00,-0.05,0.03
1904404,27.00,-0.05,-0.24,28.00,0.84,0.07,26.00,-0.05,-0.11
1904464,27.00,-0.05,-0.10,28.00,0.64,-0.01,26.00,0.02,-0.05
1904524,27.00,-0.15,-0.26,28.00,-0.18,-0.07,26.00,0.01,-0.02
1904585,27.00,0.07,-0.22,28.00,-0.68,-0.14,26.00,-0.02,-0.06
1904645,27.00,0.04,-0.29,28.00,-1.46,-0.31,26.00,-0.04,-0.02
1904705,27.00,-0.02,-0.29,28.00,-1.94,0.11,26.00,-0.02,-0.01
1904765,27.00,-0.01,-0.18,28.00,-2.48,0.20,26.00,0.02,-0.01
1904825,27.00,-0.01,-0.04,28.00,-2.88,0.40,26.00,-0.04,-0.08
1904885,27.00,-0.12,-0.32,28.00,-3.29,0.05,26.00,-0.02,-0.17
1904945,27.00,-0.07,-0.35,28.00,-3.39,0.22,26.00,0.07,-0.07
1905006,27.00,-0.24,-0.17,28.00,-3.85,-0.18,26.00,0.02,0.00
1905066,27.00,0.01,-0.24,28.00,-3.96,-0.11,26.00,-0.05,-0.06
1905126,27.00,-0.24,-0.29,28.00,-4.17,0.10,26.00,-0.04,0.02
1905186,27.00,0.02,0.01,28.00,-3.95,0.00,26.00,0.02,-0.05
1905246,27.00,-0.01,-0.29,28.00,-3.92,-0.77,26.00,-0.04,-0.03
1905306,27.00,0.05,-0.25,28.00,-3.48,-0.52,26.00,-0.02,-0.07
1905366,27.00,-0.02,-0.40,28.00,-3.48,-0.26,26.00,-0.04,-0.06
1905426,27.00,-0.02,-0.21,28.00,-3.32,-0.75,26.00,-0.02,0.00
1905487,27.00,-0.02,0.03,28.00,-2.35,-0.70,26.00,0.02,-0.06
1905547,27.00,0.24,-0.03,28.00,-2.01,-0.30,26.00,-0.04,-0.07
1905607,27.00,-0.01,-0.31,28.00,-1.52,-0.52,26.00,-0.02,-0.07
1905667,27.00,0.01,-0.27,28.00,-1.05,-0.58,26.00,-0.02,-0.08
1905727,27.00,0.10,-0.26,28.00,-0.26,-0.71,26.00,-0.04,-0.03
1905787,27.00,-0.05,-0.08,28.00,0.08,-0.22,26.00,0.01,-0.11
1905847,27.00,0.07,-0.32,28.00,0.92,-0.59,26.00,-0.08,-0.10
1905908,27.00,-0.14,-0.19,28.00,1.28,-0.46,26.00,0.05,0.02
1905968,27.00,-0.02,-0.11,28.00,1.69,-0.31,26.00,0.01,-0.06
1906028,27.00,-0.12,-0.09,28.00,2.34,-0.34,26.00,-0.02,-0.05
1906088,27.00,0.07,-0.06,28.00,2.59,-0.15,26.00,0.02,-0.05
1906148,27.00,-0.08,-0.28,28.00,3.11,0.30,26.00,-0.04,0.01
1906208,27.00,0.02,-0.26,28.00,3.52,0.07,26.00,-0.04,-0.09
1906268,27.00,-0.01,-0.21,28.00,3.93,0.41,26.00,0.01,-0.06
1906328,27.00,-0.01,-0.16,28.00,4.17,-0.34,26.00,0.02,-0.03
1906389,27.00,-0.08,-0.29,28.00,4.14,-0.11,26.00,-0.04,-0.04
1906449,27.00,0.11,-0.20,28.00,3.93,0.26,26.00,0.01,-0.04
1906509,27.00,-0.11,-0.33,28.00,3.58,0.33,26.00,-0.01,-0.02
1906569,27.00,-0.05,-0.15,28.00,3.57,-0.15,26.00,-0.07,-0.05
1906629,27.00,0.08,-0.19,28.00,3.16,0.07,26.00,-0.05,-0.06
1906689,27.00,-0.21,-0.13,28.00,2.66,-0.05,26.00,-0.02,-0.06
1906749,27.00,-0.01,-0.20,28.00,2.44,0.10,26.00,-0.02,-0.06
1906810,27.00,-0.11,-0.09,28.00,2.03,0.07,26.00,-0.01,-0.03
1906870,27.00,0.01,-0.22,28.00,1.31,-0.21,26.00,0.05,0.00
1906930,27.00,-0.14,-0.15,28.00,0.77,0.05,26.00,-0.01,-0.07
1906990,27.00,0.05,-0.20,28.00,0.18,-0.04,26.00,0.05,-0.05
1907050,27.00,-0.01,-0.26,28.00,-0.46,-0.08,26.00,-0.05,-0.09
1907110,27.00,-0.04,-0.22,28.00,-0.93,-0.13,26.00,0.02,-0.04
1907170,27.00,0.02,-0.17,28.00,-1.38,-0.04,26.00,-0.04,-0.05
1907230,27.00,0.04,-0.29,28.00,-2.09,-0.61,26.00,0.04,-0.02
1907291,27.00,-0.01,-0.12,28.00,-2.40,-0.23,26.00,-0.02,-0.01
1907351,27.00,-0.17,-0.11,28.00,-2.98,-0.43,26.00,0.02,-0.03
1907411,27.00,0.11,-0.23,28.00,-3.41,0.02,26.00,-0.01,-0.05
1907471,27.00,-0.10,-0.21,28.00,-3.74,-0.19,26.00,-0.01,-0.08
1907531,27.00,-0.15,-0.38,28.00,-3.88,-0.35,26.00,0.05,-0.06
1907591,27.00,-0.05,0.00,28.00,-3.82,-0.16,26.00,-0.05,-0.10
1907651,27.00,0.07,-0.36,28.00,-3.80,-0.19,26.00,-0.05,-0.01
1907712,27.00,-0.10,-0.36,28.00,-3.93,-0.43,26.00,-0.04,-0.04
1907772,27.00,0.15,-0.30,28.00,-3.96,-0.26,26.00,-0.04,-0.02
1907832,27.00,0.01,-0.14,28.00,-3.25,-0.07,26.00,0.01,-0.05
1907892,27.00,-0.11,-0.22,28.00,-3.05,-0.25,26.00,0.07,-0.03
1907952,27.00,0.04,-0.25,28.00,-2.63,-0.29,26.00,-0.04,-0.00
1908012,27.00,0.01,-0.22,28.00,-1.97,-0.36,26.00,-0.11,-0.03
1908072,27.00,-0.17,-0.15,28.00,-1.84,-0.12,26.00,-0.02,-0.03
1908132,27.00,0.08,-0.22,28.00,-1.31,-0.11,26.00,-0.05,-0.01
1908193,27.00,0.02,-0.15,28.00,-0.71,-0.44,26.00,-0.01,-0.07
1908253,27.00,0.05,-0.25,28.00,0.05,-0.40,26.00,-0.07,-0.00
1908313,27.00,-0.01,-0.12,28.00,0.45,-0.15,26.00,0.05,-0.10
1908373,27.00,-0.04,-0.33,28.00,1.19,0.51,26.00,-0.02,-0.05
1908433,27.00,0.12,-0.14,28.00,1.68,0.21,26.00,0.02,0.02
1908493,27.00,0.08,-0.24,28.00,1.93,0.32,26.00,0.04,-0.06
1908553,27.00,0.11,-0.30,28.00,2.48,0.31,26.00,-0.01,-0.07
1908614,27.00,-0.04,-0.24,28.00,2.98,0.14,26.00,0.01,0.02
1908674,27.00,0.07,-0.01,28.00,3.30,0.05,26.00,0.02,-0.03
1908734,27.00,-0.02,-0.35,28.00,3.48,-0.58,26.00,-0.01,-0.02
1908794,27.00,-0.02,-0.01,28.00,3.92,-0.37,26.00,-0.01,0.06
1908854,27.00,-0.02,-0.10,28.00,4.01,-0.05,26.00,-0.04,0.02
1908914,27.00,-0.04,-0.29,28.00,4.04,-0.23,26.00,-0.05,-0.04
1908974,27.00,-0.07,-0.07,28.00,3.85,0.80,26.00,-0.04,-0.09
1909035,27.00,0.14,-0.34,28.00,3.63,0.10,26.00,-0.01,-0.01
1909095,27.00,-0.01,-0.32,28.00,3.52,-0.07,26.00,0.01,-0.03
1909155,27.00,-0.12,-0.14,28.00,2.84,0.39,26.00,-0.01,0.01
1909215,27.00,0.01,-0.19,28.00,2.73,-0.01,26.00,-0.01,-0.03
1909275,27.00,0.18,-0.39,28.00,1.90,-0.13,26.00,-0.04,-0.04
1909335,27.00,0.15,-0.28,28.00,1.85,0.00,26.00,-0.05,-0.07
1909395,27.00,-0.02,-0.24,28.00,0.90,-0.00,26.00,0.02,-0.07
1909455,27.00,-0.10,-0.16,28.00,0.42,0.32,26.00,0.04,-0.06
1909516,27.00,-0.14,-0.38,28.00,-0.01,-0.10,26.00,-0.02,0.04
1909576,27.00,-0.04,-0.26,28.00,-0.65,0.02,26.00,-0.08,-0.02
1909636,27.00,0.05,-0.13,28.00,-1.12,-0.09,26.00,-0.07,-0.06
1909696,27.00,-0.02,-0.26,28.00,-1.79,-0.04,26.00,0.04,-0.07
1909756,27.00,-0.11,-0.29,28.00,-2.19,-0.54,26.00,-0.04,0.02
1909816,27.00,-0.05,-0.38,28.00,-2.78,-0.19,26.00,0.01,0.01
1909876,27.00,-0.10,-0.14,28.00,-3.01,-0.55,26.00,-0.08,-0.07
1909937,27.00,-0.12,-0.25,28.00,-3.44,-0.31,26.00,-0.01,-0.05
1909997,27.00,0.02,-0.22,28.00,-3.63,-0.56,26.00,0.04,-0.01
1910057,27.00,-0.01,-0.22,28.00,-3.71,-0.36,26.00,0.05,0.07
1910117,27.00,-0.08,-0.12,28.00,-3.70,-0.34,26.00,-0.02,0.04
1910177,27.00,-0.07,-0.26,28.00,-3.67,-0.57,26.00,0.01,-0.02
1910237,27.00,-0.11,-0.21,28.00,-3.80,0.01,26.00,0.01,-0.06
1910297,27.00,0.08,-0.11,28.00,-3.30,-0.44,26.00,-0.01,-0.09
1910357,27.00,0.07,-0.09,28.00,-3.27,-0.36,26.00,-0.04,-0.00
1910418,27.00,-0.08,-0.28,28.00,-3.03,-0.15,26.00,0.05,-0.08
1910478,27.00,-0.07,-0.23,28.00,-2.45,-0.57,26.00,-0.01,-0.03
1910538,27.00,0.02,-0.16,28.00,-2.03,-0.51,26.00,-0.04,0.01
1910598,27.00,-0.11,-0.39,28.00,-1.71,-0.21,26.00,0.05,-0.06
1910658,27.00,-0.02,-0.17,28.00,-0.83,-0.52,26.00,-0.02,-0.09
1910718,27.00,0.10,-0.14,28.00,-0.20,-0.65,26.00,-0.05,-0.04
1910778,27.00,-0.05,0.01,28.00,0.12,-0.64,26.00,-0.05,-0.00
1910839,27.00,-0.15,-0.25,28.00,0.86,0.05,26.00,0.01,-0.07
1910899,27.00,-0.11,-0.17,28.00,1.33,-0.58,26.00,-0.02,0.01
1910959,27.00,0.04,-0.32,28.00,1.88,0.16,26.00,-0.05,-0.08
1911019,27.00,-0.02,-0.29,28.00,2.26,-0.00,26.00,-0.04,-0.07
1911079,27.00,-0.39,-0.28,28.00,2.64,0.15,26.00,0.01,-0.03
1911139,27.00,0.04,-0.22,28.00,3.16,-0.34,26.00,-0.04,-0.03
1911199,27.00,0.01,-0.07,28.00,3.41,-0.21,26.00,-0.01,0.00
1911259,27.00,0.07,-0.28,28.00,3.77,-0.21,26.00,-0.04,-0.06
1911320,27.00,0.11,-0.21,28.00,3.68,-0.39,26.00,-0.02,-0.02
1911380,27.00,0.02,-0.07,28.00,4.11,0.05,26.00,-0.04,-0.06
1911440,27.00,-0.10,-0.19,28.00,3.86,0.19,26.00,0.01,-0.03
1911500,27.00,-0.11,-0.24,28.00,3.67,-0.30,26.00,0.02,-0.01
1911560,27.00,-0.05,-0.22,28.00,3.67,0.00,26.00,-0.01,-0.04
1911620,27.00,0.07,-0.16,28.00,3.33,-0.07,26.00,-0.05,-0.08
1911680,27.00,0.04,-0.30,28.00,2.88,-0.12,26.00,-0.07,-0.01
1911741,27.00,0.10,-0.11,28.00,2.69,-0.56,26.00,-0.02,-0.01
1911801,27.00,-0.07,-0.21,28.00,2.13,0.13,26.00,-0.02,-0.03
1911861,27.00,0.04,-0.25,28.00,1.71,-0.07,26.00,0.05,-0.13
1911921,27.00,0.11,-0.25,28.00,0.99,-0.00,26.00,0.05,-0.01
1911981,27.00,0.01,-0.11,28.00,0.23,0.20,26.00,0.02,-0.05
1912041,27.00,0.01,-0.29,28.00,-0.29,-0.44,26.00,-0.01,0.00
1912101,27.00,0.07,-0.15,28.00,-0.81,-0.48,26.00,0.11,-0.05
1912161,27.00,-0.01,-0.26,28.00,-1.55,-0.31,26.00,0.01,-0.06
1912222,27.00,-0.07,-0.24,28.00,-1.85,-0.25,26.00,0.07,-0.06
1912282,27.00,0.01,-0.13,28.00,-2.40,-0.29,26.00,-0.01,0.10
1912342,27.00,-0.08,-0.11,28.00,-2.97,-0.68,26.00,-0.02,-0.04
1912402,27.00,0.05,-0.13,28.00,-3.13,-0.51,26.00,0.05,-0.04
1912462,27.00,0.08,-0.07,28.00,-3.44,-0.05,26.00,-0.05,-0.09
1912522,27.00,0.04,-0.18,28.00,-3.61,-0.35,26.00,0.05,-0.01
1912582,27.00,0.08,-0.29,28.00,-3.88,-0.23,26.00,0.08,-0.00
1912643,27.00,0.01,-0.13,28.00,-3.92,-0.25,26.00,0.01,0.05
1912703,27.00,0.14,-0.35,28.00,-3.57,-0.52,26.00,-0.07,-0.00
1912763,27.00,-0.02,-0.35,28.00,-3.44,-0.90,26.00,-0.07,0.03
1912823,27.00,-0.05,-0.13,28.00,-3.36,-0.39,26.00,0.08,-0.06
1912883,27.00,0.05,-0.09,28.00,-2.95,-0.51,26.00,-0.10,-0.06
1912943,27.00,0.01,-0.34,28.00,-2.75,-0.49,26.00,-0.01,-0.09
1913003,27.00,0.01,-0.36,28.00,-2.35,-0.77,26.00,0.04,0.00
1913063,27.00,-0.04,-0.29,28.00,-1.99,-1.02,26.00,0.02,-0.02
1913124,27.00,-0.14,-0.22,28.00,-1.27,-0.65,26.00,0.02,-0.07
1913184,27.00,0.15,-0.22,28.00,-0.52,-0.76,26.00,-0.04,0.03
1913244,27.00,0.01,-0.32,28.00,-0.20,-0.86,26.00,-0.01,0.05
1913304,27.00,-0.04,-0.37,28.00,0.45,-0.18,26.00,-0.04,-0.00
1913364,27.00,0.18,-0.12,28.00,0.78,-0.19,26.00,0.08,0.01
1913424,27.00,-0.05,-0.11,28.00,1.37,-0.03,26.00,-0.01,-0.03
1913484,27.00,0.01,-0.14,28.00,2.35,-0.66,26.00,0.02,-0.03
1913545,27.00,-0.18,-0.20,28.00,2.72,-0.36,26.00,-0.01,0.00
1913605,27.00,-0.04,-0.53,28.00,2.98,-0.05,26.00,0.04,0.02
1913665,27.00,0.01,-0.22,28.00,3.45,-0.33,26.00,0.04,-0.00
1913725,27.00,-0.01,-0.25,28.00,3.33,0.04,26.00,0.01,0.07
1913785,27.00,0.12,-0.15,28.00,3.63,-0.15,26.00,0.04,0.00
1913845,27.00,0.02,-0.29,28.00,3.90,-0.29,26.00,0.02,-0.09
1913905,27.00,0.02,-0.22,28.00,3.71,0.16,26.00,-0.01,-0.02
1913966,27.00,-0.08,-0.20,28.00,3.66,0.00,26.00,0.05,-0.04
1914026,27.00,-0.10,-0.14,28.00,3.66,-0.16,26.00,0.01,-0.02
1914086,27.00,0.21,-0.26,28.00,3.47,0.21,26.00,0.01,-0.11
1914146,27.00,0.01,-0.13,28.00,2.86,0.09,26.00,-0.02,-0.02
1914206,27.00,-0.02,-0.15,28.00,2.69,0.08,26.00,0.01,-0.05
1914266,27.00,0.12,-0.25,28.00,2.44,-0.34,26.00,0.02,-0.00
1914326,27.00,-0.12,-0.30,28.00,1.77,0.27,26.00,0.01,-0.04
1914386,27.00,-0.07,-0.16,28.00,1.41,-0.27,26.00,-0.02,0.07
1914447,27.00,0.01,-0.21,28.00,0.62,-0.35,26.00,0.02,0.01
1914507,27.00,0.05,-0.29,28.00,-0.01,-0.36,26.00,-0.02,0.04
1914567,27.00,0.07,-0.26,28.00,-0.48,-0.20,26.00,-0.05,-0.00
1914627,27.00,0.05,-0.05,28.00,-1.36,-0.32,26.00,-0.04,-0.01
1914687,27.00,-0.24,-0.19,28.00,-1.79,-0.34,26.00,-0.08,0.05
1914747,27.00,-0.04,-0.29,28.00,-2.22,-0.16,26.00,0.01,-0.01
1914807,27.00,-0.02,-0.25,28.00,-2.66,-0.47,26.00,0.04,0.01
1914868,27.00,0.01,-0.23,28.00,-3.03,0.45,26.00,-0.08,-0.06
1914928,27.00,0.04,-0.21,28.00,-3.36,0.07,26.00,-0.04,-0.06
1914988,27.00,0.08,-0.09,28.00,-3.61,-0.18,26.00,0.02,-0.15
1915048,27.00,-0.05,-0.22,28.00,-3.71,-0.34,26.00,-0.04,-0.04
1915108,27.00,0.04,-0.17,28.00,-3.89,-0.67,26.00,-0.01,-0.04
1915168,27.00,0.10,-0.17,28.00,-3.79,-0.21,26.00,-0.04,-0.21
1915228,27.00,-0.01,-0.30,28.00,-3.98,-0.25,26.00,0.05,-0.07
1915288,27.00,-0.18,-0.34,28.00,-3.52,-0.37,26.00,0.01,-0.07
1915349,27.00,-0.05,-0.19,28.00,-3.44,-0.60,26.00,0.02,-0.10
1915409,27.00,0.08,-0.07,28.00,-3.22,-0.58,26.00,-0.01,-0.05
1915469,27.00,0.01,-0.32,28.00,-2.62,-0.17,26.00,0.02,-0.04
1915529,27.00,-0.07,-0.26,28.00,-2.29,-0.62,26.00,-0.02,-0.04
1915589,27.00,-0.01,-0.20,28.00,-1.79,-0.07,26.00,0.07,-0.09
1915649,27.00,0.01,-0.25,28.00,-0.87,-0.31,26.00,-0.05,-0.07
1915709,27.00,-0.02,-0.20,28.00,-0.43,-0.81,26.00,-0.04,-0.06
1915770,27.00,0.10,-0.10,28.00,0.05,-0.44,26.00,-0.02,-0.01
1915830,27.00,-0.18,-0.18,28.00,0.46,-0.21,26.00,-0.01,-0.01
1915890,27.00,0.14,-0.07,28.00,1.44,-0.22,26.00,0.02,-0.00
1915950,27.00,0.05,-0.21,28.00,1.84,-0.51,26.00,-0.07,-0.04
1916010,27.00,-0.05,-0.21,28.00,2.12,-0.39,26.00,0.02,-0.03
1916070,27.00,-0.12,-0.10,28.00,2.64,-0.81,26.00,0.02,-0.03
1916130,27.00,-0.05,-0.15,28.00,3.04,0.37,26.00,0.07,0.01
1916190,27.00,-0.21,-0.22,28.00,3.26,-0.07,26.00,0.01,-0.04
1916251,27.00,-0.07,-0.07,28.00,3.55,0.15,26.00,0.02,-0.01
1916311,27.00,-0.11,-0.13,28.00,3.95,0.00,26.00,0.01,-0.06
1916371,27.00,-0.07,-0.06,28.00,3.83,0.41,26.00,-0.01,-0.03
1916431,27.00,0.17,-0.28,28.00,4.05,0.30,26.00,0.01,-0.06
1916491,27.00,0.02,-0.32,28.00,3.74,0.27,26.00,-0.04,0.02
1916551,27.00,0.02,-0.02,28.00,3.52,0.03,26.00,0.02,-0.00
1916611,27.00,-0.02,-0.15,28.00,3.33,-0.01,26.00,-0.05,-0.02
1916672,27.00,-0.15,-0.24,28.00,3.22,0.39,26.00,0.04,-0.02
1916732,27.00,-0.02,-0.27,28.00,2.19,0.18,26.00,0.02,-0.00
1916792,27.00,-0.02,-0.07,28.00,2.03,-0.15,26.00,-0.04,-0.15
1916852,27.00,0.04,-0.20,28.00,1.34,0.06,26.00,-0.05,0.02
1916912,27.00,0.01,-0.08,28.00,1.06,0.79,26.00,-0.01,-0.01
1916972,27.00,-0.01,-0.16,28.00,0.24,0.12,26.00,0.01,-0.03
1917032,27.00,-0.02,-0.22,28.00,-0.05,0.00,26.00,-0.04,-0.02
1917092,27.00,0.07,-0.22,28.00,-0.87,-0.40,26.00,0.04,-0.09
1917153,27.00,0.11,-0.35,28.00,-1.37,-0.16,26.00,-0.02,-0.07
1917213,27.00,0.15,-0.25,28.00,-2.07,-0.06,26.00,-0.02,-0.05
1917273,27.00,0.08,-0.22,28.00,-2.50,-0.37,26.00,-0.02,-0.05
1917333,27.00,0.10,-0.26,28.00,-2.91,-0.62,26.00,0.01,0.00
1917393,27.00,0.04,-0.27,28.00,-3.17,-0.28,26.00,0.04,-0.00
1917453,27.00,0.20,-0.15,28.00,-3.71,-0.22,26.00,-0.04,-0.06
1917513,27.00,0.04,-0.32,28.00,-3.58,-0.47,26.00,-0.01,0.02
1917574,27.00,-0.08,-0.30,28.00,-4.05,-0.17,26.00,-0.04,-0.03
1917634,27.00,0.08,-0.12,28.00,-3.76,-0.36,26.00,-0.02,-0.08
1917694,27.00,-0.05,-0.30,28.00,-4.08,-0.18,26.00,0.02,-0.02
1917754,27.00,0.01,-0.14,28.00,-3.66,-0.00,26.00,-0.07,-0.03
1917814,27.00,-0.23,-0.24,28.00,-3.48,-0.03,26.00,0.01,0.01
1917874,27.00,-0.01,-0.15,28.00,-3.29,-0.28,26.00,0.02,-0.07
1917934,27.00,0.11,-0.19,28.00,-2.85,-0.42,26.00,0.01,-0.13
1917994,27.00,0.02,-0.22,28.00,-2.38,-0.37,26.00,-0.05,-0.07
1918055,27.00,-0.10,-0.14,28.00,-2.03,-0.39,26.00,-0.02,-0.01
1918115,27.00,-0.08,-0.33,28.00,-1.34,-0.86,26.00,-0.01,-0.06
1918175,27.00,-0.01,-0.20,28.00,-0.80,-0.57,26.00,0.05,-0.04
1918235,27.00,0.07,-0.08,28.00,-0.30,-0.65,26.00,0.01,-0.02
1918295,27.00,-0.14,-0.22,28.00,0.23,-0.22,26.00,-0.04,-0.05
1918355,27.00,0.01,-0.22,28.00,0.84,-0.36,26.00,-0.05,0.03
1918415,27.00,0.07,-0.06,28.00,1.41,-0.29,26.00,-0.05,-0.00
1918476,27.00,0.01,-0.45,28.00,1.84,-0.31,26.00,0.01,0.01
1918536,27.00,-0.12,-0.15,28.00,2.63,-0.08,26.00,0.04,-0.04
1918596,27.00,-0.10,-0.12,28.00,2.86,-0.02,26.00,0.02,-0.03
1918656,27.00,-0.01,-0.21,28.00,3.41,0.10,26.00,-0.04,0.00
1918716,27.00,0.12,-0.02,28.00,3.27,0.27,26.00,0.05,-0.03
1918776,27.00,-0.04,-0.27,28.00,3.55,-0.64,26.00,0.01,0.05
1918836,27.00,0.07,-0.36,28.00,3.66,-0.40,26.00,-0.04,-0.02
1918896,27.00,-0.14,-0.04,28.00,3.88,-0.34,26.00,-0.01,-0.02
1918957,27.00,0.11,-0.13,28.00,3.92,0.07,26.00,0.04,-0.00
1919017,27.00,0.10,-0.18,28.00,3.68,0.00,26.00,0.02,-0.05
1919077,27.00,0.10,-0.13,28.00,3.58,-0.07,26.00,-0.02,-0.07
1919137,27.00,-0.01,-0.25,28.00,3.19,-0.15,26.00,-0.01,-0.12
1919197,27.00,-0.11,-0.23,28.00,2.97,0.07,26.00,-0.02,-0.05
1919257,27.00,-0.01,-0.22,28.00,2.28,0.14,26.00,-0.01,-0.08
1919317,27.00,-0.10,-0.22,28.00,1.77,0.34,26.00,-0.01,-0.08
1919378,27.00,0.14,-0.18,28.00,1.18,0.06,26.00,-0.04,-0.10
1919438,27.00,0.01,-0.13,28.00,0.70,0.37,26.00,-0.04,0.02
1919498,27.00,0.10,-0.24,28.00,0.02,0.11,26.00,-0.04,0.00
1919558,27.00,0.11,-0.06,28.00,-0.39,-0.19,26.00,-0.01,0.04
1919618,27.00,0.04,-0.24,28.00,-0.83,-0.19,26.00,-0.04,-0.00
1919678,27.00,-0.11,-0.24,28.00,-1.18,-0.33,26.00,0.07,-0.07
1919738,27.00,0.26,-0.14,28.00,-2.28,-0.07,26.00,0.01,-0.10
1919799,27.00,0.01,-0.07,28.00,-2.63,-0.24,26.00,0.01,0.04
1919859,27.00,0.01,-0.12,28.00,-3.03,0.14,26.00,-0.04,-0.06
1919919,27.00,-0.08,-0.34,28.00,-3.25,-0.41,26.00,-0.10,-0.03
1919979,27.00,0.01,-0.10,28.00,-3.60,-0.10,26.00,-0.01,-0.08
1920039,27.00,-0.08,-0.25,28.00,-3.71,-0.42,26.00,-0.02,-0.01
1920099,27.00,-0.08,-0.23,28.00,-3.79,-0.50,26.00,0.05,-0.08
1920159,27.00,0.01,-0.16,28.00,-3.88,-0.58,26.00,-0.05,-0.00
1920219,27.00,-0.01,-0.18,28.00,-3.80,-0.02,26.00,-0.04,-0.02
1920280,27.00,0.04,-0.15,28.00,-3.89,-0.13,26.00,-0.08,-0.01
1920340,27.00,-0.02,-0.15,28.00,-3.45,-0.55,26.00,0.07,-0.04
1920400,27.00,-0.14,-0.13,28.00,-3.14,-0.57,26.00,0.02,0.05
1920460,27.00,0.02,-0.13,28.00,-2.63,-0.63,26.00,-0.05,-0.02
1920520,27.00,0.17,-0.15,28.00,-2.51,-0.34,26.00,-0.02,0.01
1920580,27.00,0.01,-0.18,28.00,-1.59,-0.35,26.00,-0.01,0.02
1920640,27.00,-0.07,-0.26,28.00,-1.25,-0.23,26.00,0.02,-0.06
1920701,27.00,-0.05,-0.15,28.00,-0.49,-0.28,26.00,-0.01,0.00
1920761,27.00,-0.04,-0.34,28.00,-0.07,-0.80,26.00,-0.01,-0.07
1920821,27.00,0.18,-0.11,28.00,0.74,-0.45,26.00,-0.01,0.00
1920881,27.00,-0.07,-0.02,28.00,0.89,-0.18,26.00,0.02,-0.07
1920941,27.00,-0.08,-0.22,28.00,1.58,0.04,26.00,0.10,-0.01
1921001,27.00,-0.04,-0.26,28.00,2.56,0.35,26.00,-0.05,-0.06
1921061,27.00,0.02,-0.10,28.00,2.53,0.15,26.00,-0.07,-0.07
1921121,27.00,0.18,-0.25,28.00,3.05,-0.01,26.00,-0.04,0.01
1921182,27.00,-0.04,-0.22,28.00,3.51,-0.12,26.00,-0.02,0.03
1921242,27.00,-0.14,-0.20,28.00,3.39,-0.24,26.00,0.01,-0.02
1921302,27.00,0.02,-0.17,28.00,3.57,-0.58,26.00,0.02,-0.04
1921362,27.00,-0.01,-0.29,28.00,4.11,-0.04,26.00,-0.02,0.00
1921422,27.00,0.15,-0.04,28.00,3.71,0.10,26.00,-0.07,0.04
1921482,27.00,-0.01,-0.17,28.00,3.80,0.00,26.00,0.01,-0.03
1921542,27.00,-0.01,-0.21,28.00,3.51,-0.13,26.00,0.01,-0.04
1921603,27.00,0.12,0.07,28.00,3.32,0.02,26.00,-0.05,-0.08
1921663,27.00,0.05,-0.25,28.00,2.88,-0.34,26.00,-0.02,-0.15
1921723,27.00,0.05,-0.18,28.00,2.64,0.02,26.00,0.01,-0.01
1921783,27.00,0.10,-0.12,28.00,2.26,-0.01,26.00,0.05,-0.07
1921843,27.00,-0.10,-0.19,28.00,1.71,0.19,26.00,-0.04,-0.14
1921903,27.00,0.02,-0.18,28.00,1.22,0.09,26.00,0.05,-0.03
1921963,27.00,0.04,-0.18,28.00,0.58,0.22,26.00,-0.02,0.00
1922023,27.00,0.04,-0.20,28.00,-0.08,-0.13,26.00,-0.07,0.03
1922084,27.00,0.04,-0.22,28.00,-0.81,-0.22,26.00,-0.05,-0.10
1922144,27.00,0.04,-0.29,28.00,-1.37,-0.57,26.00,0.04,-0.02
1922204,27.00,0.15,-0.14,28.00,-1.77,-0.14,26.00,0.10,-0.01
1922264,27.00,-0.07,-0.29,28.00,-2.28,-0.02,26.00,-0.02,-0.00
1922324,27.00,0.26,-0.17,28.00,-2.73,0.33,26.00,-0.04,0.01
1922384,27.00,0.14,-0.12,28.00,-3.19,-0.20,26.00,-0.08,-0.03
1922444,27.00,0.04,-0.23,28.00,-3.55,0.06,26.00,-0.05,-0.11
1922505,27.00,-0.11,-0.44,28.00,-3.63,-0.55,26.00,0.02,0.00
1922565,27.00,-0.01,-0.07,28.00,-3.85,-0.15,26.00,-0.04,-0.07
1922625,27.00,-0.10,-0.05,28.00,-3.88,-0.42,26.00,0.04,-0.02
1922685,27.00,0.05,-0.24,28.00,-3.86,0.03,26.00,0.01,0.01
1922745,27.00,-0.05,-0.32,28.00,-3.64,-0.72,26.00,-0.04,-0.08
1922805,27.00,-0.05,-0.21,28.00,-3.48,-0.27,26.00,-0.05,-0.01
1922865,27.00,-0.08,-0.28,28.00,-3.27,-0.56,26.00,-0.02,0.00
1922925,27.00,0.12,-0.02,28.00,-2.89,-0.94,26.00,-0.04,-0.06
1922986,27.00,0.04,-0.25,28.00,-2.41,-0.53,26.00,0.04,-0.18
1923046,27.00,0.02,-0.25,28.00,-2.26,-0.53,26.00,-0.01,-0.08
1923106,27.00,-0.10,-0.29,28.00,-1.59,-0.73,26.00,-0.08,-0.04
1923166,27.00,-0.10,-0.33,28.00,-1.00,-0.43,26.00,0.01,-0.02
1923226,27.00,-0.05,-0.07,28.00,-0.36,-0.31,26.00,-0.01,0.01
1923286,27.00,-0.12,-0.19,28.00,0.34,-0.44,26.00,-0.01,0.01
1923346,27.00,0.04,-0.44,28.00,0.78,-0.39,26.00,-0.07,-0.01
1923407,27.00,0.08,-0.13,28.00,1.49,-0.29,26.00,-0.01,-0.00
1923467,27.00,0.05,-0.19,28.00,1.66,-0.22,26.00,0.08,-0.07
1923527,27.00,0.11,-0.16,28.00,2.70,-0.08,26.00,-0.04,-0.07
1923587,27.00,0.15,-0.18,28.00,2.67,0.24,26.00,-0.01,0.00
1923647,27.00,-0.04,-0.06,28.00,3.04,0.24,26.00,-0.05,-0.06
1923707,27.00,0.07,-0.23,28.00,3.52,-0.08,26.00,-0.07,-0.11
1923767,27.00,0.05,-0.18,28.00,3.45,-0.09,26.00,0.02,0.02
1923827,27.00,-0.02,-0.16,28.00,3.89,-0.29,26.00,0.05,-0.02
1923888,27.00,-0.08,-0.15,28.00,3.85,0.00,26.00,0.02,-0.08
1923948,27.00,0.07,-0.32,28.00,3.88,-0.10,26.00,0.01,-0.05
1924008,27.00,0.11,-0.13,28.00,3.51,-0.17,26.00,-0.02,-0.07
1924068,27.00,-0.17,-0.23,28.00,3.58,-0.14,26.00,-0.04,-0.10
1924128,27.00,-0.04,-0.28,28.00,3.32,0.22,26.00,0.04,-0.13
1924188,27.00,0.02,-0.38,28.00,2.81,-0.16,26.00,0.01,-0.01
1924248,27.00,-0.07,-0.26,28.00,2.23,0.05,26.00,0.04,0.01
1924309,27.00,-0.14,-0.20,28.00,1.85,-0.45,26.00,0.01,-0.09
1924369,27.00,0.08,-0.23,28.00,1.36,-0.17,26.00,-0.02,-0.02
1924429,27.00,0.02,-0.28,28.00,0.73,-0.40,26.00,0.01,0.03
1924489,27.00,0.04,-0.35,28.00,0.15,-0.19,26.00,0.04,0.01
1924549,27.00,-0.05,-0.07,28.00,-0.27,-0.23,26.00,0.07,0.00
1924609,27.00,0.24,-0.26,28.00,-0.87,-0.03,26.00,-0.02,-0.04
1924669,27.00,-0.08,-0.18,28.00,-1.49,-0.05,26.00,-0.04,0.07
1924729,27.00,0.02,-0.27,28.00,-2.01,-0.50,26.00,0.01,-0.01
1924790,27.00,-0.10,-0.24,28.00,-2.69,-0.35,26.00,-0.07,-0.04
1924850,27.00,0.01,-0.34,28.00,-3.10,0.31,26.00,-0.02,0.00
1924910,27.00,-0.05,-0.06,28.00,-3.44,-0.26,26.00,-0.01,-0.08
1924970,27.00,-0.01,-0.04,28.00,-3.64,-0.30,26.00,-0.04,-0.02
1925030,27.00,0.08,-0.29,28.00,-3.64,-0.11,26.00,0.07,0.03
1925090,27.00,-0.05,-0.31,28.00,-3.99,-0.18,26.00,-0.04,-0.04
1925150,27.00,-0.02,-0.25,28.00,-3.71,-0.23,26.00,-0.05,-0.02
1925211,27.00,-0.05,-0.21,28.00,-4.08,-0.17,26.00,-0.01,-0.09
1925271,27.00,-0.12,-0.26,28.00,-3.63,-0.47,26.00,0.02,-0.12
1925331,27.00,0.20,-0.25,28.00,-3.49,-0.61,26.00,0.01,0.02
1925391,27.00,0.04,-0.17,28.00,-3.16,-0.21,26.00,0.01,0.06
1925451,27.00,-0.07,-0.30,28.00,-2.57,-0.29,26.00,0.04,0.03
1925511,27.00,-0.12,-0.30,28.00,-2.35,-0.22,26.00,-0.05,0.01
1925571,27.00,-0.01,-0.28,28.00,-1.91,-0.43,26.00,0.07,-0.07
1925631,27.00,0.20,-0.22,28.00,-1.30,-0.34,26.00,-0.05,-0.03
1925692,27.00,-0.07,-0.15,28.00,-0.78,-0.07,26.00,0.02,0.07
1925752,27.00,-0.10,-0.17,28.00,-0.18,-0.43,26.00,0.02,-0.04
1925812,27.00,0.11,-0.25,28.00,0.40,-0.22,26.00,-0.01,-0.05
1925872,27.00,0.05,-0.09,28.00,0.75,0.40,26.00,0.04,-0.07
1925932,27.00,-0.04,-0.15,28.00,1.53,0.33,26.00,-0.05,-0.06
1925992,27.00,0.11,-0.16,28.00,1.96,0.02,26.00,-0.07,-0.09
1926052,27.00,-0.05,-0.11,28.00,2.75,-0.44,26.00,-0.01,-0.01
1926113,27.00,-0.10,-0.26,28.00,3.05,-0.39,26.00,-0.01,0.02
1926173,27.00,0.10,-0.23,28.00,3.17,0.04,26.00,0.04,-0.02
1926233,27.00,0.04,-0.12,28.00,3.63,0.00,26.00,-0.01,0.00
1926293,27.00,0.01,-0.29,28.00,4.02,-0.23,26.00,0.04,-0.06
1926353,27.00,-0.07,-0.21,28.00,4.08,0.44,26.00,0.08,-0.04
1926413,27.00,-0.01,-0.31,28.00,3.82,0.02,26.00,0.01,0.04
1926473,27.00,0.11,-0.36,28.00,3.80,0.44,26.00,0.01,-0.05
1926534,27.00,0.01,-0.15,28.00,3.52,-0.08,26.00,0.05,-0.06
1926594,27.00,-0.01,-0.25,28.00,3.66,0.17,26.00,-0.08,-0.03
1926654,27.00,-0.05,-0.12,28.00,2.95,-0.15,26.00,0.01,-0.07
1926714,27.00,0.23,-0.17,28.00,2.31,0.28,26.00,-0.01,-0.08
1926774,27.00,0.05,0.07,28.00,2.26,-0.05,26.00,-0.01,0.03
1926834,27.00,0.04,0.00,28.00,1.62,-0.21,26.00,0.01,-0.05
1926894,27.00,0.05,-0.15,28.00,1.05,-0.04,26.00,0.02,-0.07
1926954,27.00,0.12,-0.08,28.00,0.42,0.22,26.00,-0.01,0.03
1927015,27.00,-0.10,-0.23,28.00,-0.11,-0.12,26.00,0.01,-0.09
1927075,27.00,-0.05,-0.27,28.00,-0.87,0.21,26.00,-0.02,0.00
1927135,27.00,-0.08,-0.19,28.00,-1.25,-0.17,26.00,0.04,-0.05
1927195,27.00,-0.01,-0.28,28.00,-1.74,-0.18,26.00,0.04,0.06
1927255,27.00,-0.08,-0.31,28.00,-2.19,-0.29,26.00,0.02,-0.02
1927315,27.00,-0.04,-0.27,28.00,-2.51,-0.18,26.00,0.01,-0.05
1927375,27.00,-0.14,-0.13,28.00,-3.07,-0.56,26.00,-0.07,-0.00
1927436,27.00,0.14,-0.16,28.00,-3.33,-0.32,26.00,0.04,0.05
1927496,27.00,-0.05,-0.43,28.00,-3.42,-0.82,26.00,-0.04,-0.01
1927556,27.00,-0.05,-0.22,28.00,-3.83,-0.13,26.00,-0.04,-0.05
1927616,27.00,0.04,-0.26,28.00,-3.74,0.35,26.00,0.01,-0.07
1927676,27.00,0.01,-0.24,28.00,-4.01,-0.02,26.00,-0.02,-0.04
1927736,27.00,0.20,-0.28,28.00,-3.61,0.14,26.00,-0.05,-0.00
1927796,27.00,0.04,-0.26,28.00,-3.63,-0.01,26.00,-0.04,-0.07
1927856,27.00,0.01,-0.22,28.00,-3.20,-0.44,26.00,0.02,-0.00
1927917,27.00,-0.01,-0.36,28.00,-3.20,-0.25,26.00,0.01,-0.07
1927977,27.00,-0.08,-0.15,28.00,-2.29,-0.29,26.00,0.02,0.03
1928037,27.00,0.08,-0.22,28.00,-2.09,-0.79,26.00,0.01,-0.01
1928097,27.00,0.04,-0.20,28.00,-1.63,-0.48,26.00,-0.01,-0.05
1928157,27.00,-0.01,-0.18,28.00,-0.83,-0.57,26.00,-0.01,-0.11
1928217,27.00,-0.05,-0.23,28.00,-0.24,-0.69,26.00,0.01,-0.01
1928277,27.00,0.10,-0.22,28.00,-0.21,-0.41,26.00,0.02,-0.09
1928338,27.00,0.14,-0.03,28.00,0.89,-0.34,26.00,-0.01,-0.02
1928398,27.00,0.18,-0.29,28.00,1.30,-0.00,26.00,0.01,-0.02
1928458,27.00,0.10,-0.14,28.00,1.79,0.28,26.00,-0.01,-0.05
1928518,27.00,-0.05,-0.30,28.00,2.35,-0.07,26.00,0.05,-0.02
1928578,27.00,-0.08,-0.18,28.00,2.51,0.32,26.00,-0.02,-0.03
1928638,27.00,0.07,-0.35,28.00,2.98,-0.23,26.00,-0.07,-0.12
1928698,27.00,-0.01,-0.17,28.00,3.41,0.09,26.00,0.01,-0.03
1928758,27.00,0.05,-0.15,28.00,3.66,-0.58,26.00,0.01,-0.11
1928819,27.00,0.05,-0.39,28.00,3.90,-0.21,26.00,-0.02,-0.13
1928879,27.00,-0.14,-0.25,28.00,3.76,0.03,26.00,0.02,-0.07
1928939,27.00,-0.04,-0.21,28.00,3.52,-0.16,26.00,-0.01,-0.04
1928999,27.00,-0.10,-0.19,28.00,3.49,-0.12,26.00,0.05,-0.03
1929059,27.00,0.07,-0.04,28.00,3.68,-0.07,26.00,-0.04,-0.03
1929119,27.00,0.08,-0.07,28.00,3.27,-0.24,26.00,-0.01,-0.00
1929179,27.00,0.05,-0.17,28.00,2.64,0.59,26.00,-0.02,0.01
1929240,27.00,-0.01,-0.18,28.00,2.51,-0.12,26.00,0.01,0.00
1929300,27.00,0.02,-0.24,28.00,1.94,0.16,26.00,-0.02,-0.01
1929360,27.00,0.11,-0.17,28.00,1.28,0.19,26.00,-0.04,-0.04
1929420,27.00,-0.07,-0.18,28.00,0.97,0.52,26.00,-0.05,-0.02
1929480,27.00,0.02,-0.21,28.00,0.48,-0.26,26.00,0.02,0.06
1929540,27.00,0.04,-0.41,28.00,-0.29,-0.22,26.00,-0.07,0.01
1929600,27.00,-0.02,-0.15,28.00,-0.95,-0.17,26.00,-0.04,-0.06
1929660,27.00,0.01,-0.17,28.00,-1.43,0.11,26.00,-0.01,-0.14
1929721,27.00,-0.15,-0.15,28.00,-1.97,-0.17,26.00,0.05,0.01
1929781,27.00,0.12,-0.23,28.00,-2.57,-0.65,26.00,-0.08,-0.08
1929841,27.00,0.05,-0.19,28.00,-2.62,-0.66,26.00,-0.01,-0.02
1929901,27.00,-0.07,-0.21,28.00,-3.25,-0.22,26.00,-0.02,-0.09
1929961,27.00,0.05,-0.28,28.00,-3.60,0.19,26.00,0.05,-0.01
1930021,27.00,-0.08,-0.24,28.00,-3.70,-0.70,26.00,-0.01,-0.07
1930081,27.00,0.10,-0.47,28.00,-3.79,-0.28,26.00,-0.05,-0.07
1930142,27.00,-0.07,-0.16,28.00,-3.95,-0.34,26.00,0.01,0.00
1930202,27.00,0.01,-0.10,28.00,-3.80,-0.47,26.00,-0.04,-0.08
1930262,27.00,-0.05,-0.14,28.00,-3.92,-0.22,26.00,0.07,-0.03
1930322,27.00,0.01,-0.19,28.00,-3.48,-0.48,26.00,-0.01,-0.09
1930382,27.00,-0.08,-0.22,28.00,-3.20,-0.70,26.00,-0.02,-0.05
1930442,27.00,0.02,-0.15,28.00,-2.79,0.07,26.00,-0.02,-0.07
1930502,27.00,-0.02,0.05,28.00,-2.48,-0.59,26.00,-0.02,-0.13
1930562,27.00,-0.07,-0.27,28.00,-1.94,-0.44,26.00,-0.10,0.02
1930623,27.00,-0.11,-0.08,28.00,-1.41,-0.58,26.00,0.04,-0.10
1930683,27.00,-0.14,-0.43,28.00,-0.78,-0.09,26.00,0.01,0.03
1930743,27.00,-0.01,-0.22,28.00,-0.18,-0.47,26.00,0.07,-0.02
1930803,27.00,0.14,-0.25,28.00,0.45,0.03,26.00,-0.02,-0.05
1930863,27.00,-0.08,-0.47,28.00,0.93,-0.24,26.00,-0.02,-0.05
1930923,27.00,0.05,-0.22,28.00,1.50,-0.07,26.00,0.01,-0.11
1930983,27.00,-0.05,-0.25,28.00,2.34,-0.15,26.00,0.02,-0.05
1931044,27.00,-0.17,-0.29,28.00,2.75,-0.36,26.00,-0.02,-0.03
1931104,27.00,-0.04,-0.18,28.00,2.85,0.05,26.00,-0.01,-0.05
1931164,27.00,-0.07,-0.22,28.00,3.33,-0.02,26.00,-0.02,-0.02
1931224,27.00,-0.02,-0.23,28.00,3.51,0.13,26.00,-0.07,-0.06
1931284,27.00,-0.01,-0.11,28.00,3.57,0.02,26.00,-0.04,0.01
1931344,27.00,0.04,-0.19,28.00,3.92,-0.02,26.00,0.05,-0.07
1931404,27.00,0.07,-0.18,28.00,3.95,0.40,26.00,0.05,-0.04
1931464,27.00,-0.04,-0.16,28.00,4.17,0.00,26.00,-0.02,-0.05
1931525,27.00,-0.01,-0.14,28.00,3.77,-0.29,26.00,-0.04,-0.05
1931585,27.00,0.08,-0.03,28.00,3.51,0.08,26.00,-0.08,-0.07
1931645,27.00,-0.10,0.02,28.00,3.01,-0.07,26.00,0.08,0.07
1931705,27.00,-0.12,-0.19,28.00,2.70,-0.43,26.00,-0.04,-0.03
1931765,27.00,-0.18,-0.08,28.00,2.28,-0.35,26.00,-0.04,0.02
1931825,27.00,0.05,-0.13,28.00,1.58,0.15,26.00,-0.08,-0.10
1931885,27.00,-0.02,-0.21,28.00,1.08,-0.13,26.00,-0.04,-0.02
1931946,27.00,-0.08,-0.31,28.00,0.65,0.06,26.00,-0.01,0.01
1932006,27.00,-0.24,-0.31,28.00,0.05,-0.26,26.00,-0.10,-0.11
1932066,27.00,0.20,-0.16,28.00,-0.52,-0.36,26.00,0.04,0.00
1932126,27.00,0.23,-0.34,28.00,-1.38,-1.03,26.00,0.01,-0.02
1932186,27.00,-0.02,-0.22,28.00,-1.78,0.06,26.00,0.04,0.08
1932246,27.00,-0.04,-0.25,28.00,-2.18,-0.18,26.00,-0.01,0.01
1932306,27.00,-0.15,-0.27,28.00,-2.88,-0.34,26.00,-0.04,-0.05
1932367,27.00,0.04,-0.11,28.00,-3.16,-0.50,26.00,-0.02,-0.07
1932427,27.00,0.04,-0.33,28.00,-3.58,-0.18,26.00,0.07,-0.12
1932487,27.00,0.11,-0.14,28.00,-3.67,0.08,26.00,-0.07,-0.08
1932547,27.00,-0.07,-0.20,28.00,-3.93,0.26,26.00,-0.01,-0.12
1932607,27.00,-0.05,-0.22,28.00,-3.70,-0.57,26.00,0.02,-0.07
1932667,27.00,-0.05,-0.22,28.00,-4.02,0.42,26.00,0.01,0.00
1932727,27.00,-0.21,-0.17,28.00,-3.70,-0.59,26.00,-0.04,0.00
1932787,27.00,0.08,-0.14,28.00,-3.57,-0.45,26.00,-0.02,-0.00
1932848,27.00,-0.11,-0.29,28.00,-3.25,-0.50,26.00,-0.01,-0.00
1932908,27.00,0.07,-0.07,28.00,-2.97,-0.58,26.00,-0.02,-0.01
1932968,27.00,0.02,-0.36,28.00,-2.51,-0.44,26.00,-0.04,0.03
1933028,27.00,-0.14,-0.16,28.00,-2.37,-0.44,26.00,-0.04,-0.11
1933088,27.00,0.01,-0.04,28.00,-1.65,-0.01,26.00,-0.01,-0.07
1933148,27.00,0.17,-0.30,28.00,-1.06,-0.15,26.00,0.02,-0.02
1933208,27.00,-0.11,-0.08,28.00,-0.43,-0.29,26.00,-0.02,-0.10
1933269,27.00,-0.02,-0.21,28.00,-0.14,-0.36,26.00,-0.05,-0.07
1933329,27.00,-0.12,-0.13,28.00,0.62,-0.51,26.00,-0.02,-0.08
1933389,27.00,-0.12,-0.22,28.00,1.12,-0.24,26.00,0.02,-0.06
1933449,27.00,0.12,-0.15,28.00,1.85,-0.26,26.00,0.05,0.02
1933509,27.00,-0.02,-0.17,28.00,2.48,-0.61,26.00,0.04,-0.01
1933569,27.00,0.02,-0.23,28.00,2.79,-0.58,26.00,0.01,-0.01
1933629,27.00,-0.05,-0.27,28.00,3.05,-0.10,26.00,0.02,0.02
1933689,27.00,-0.01,-0.12,28.00,3.39,-0.34,26.00,-0.02,-0.04
1933750,27.00,0.04,-0.15,28.00,3.51,0.14,26.00,-0.02,-0.04
1933810,27.00,0.10,-0.17,28.00,3.51,-0.00,26.00,0.05,-0.04
1933870,27.00,-0.02,0.09,28.00,3.82,0.35,26.00,0.04,-0.02
1933930,27.00,0.07,-0.18,28.00,3.68,-0.05,26.00,-0.04,0.07
1933990,27.00,-0.01,-0.27,28.00,3.51,-0.02,26.00,-0.02,-0.07
1934050,27.00,-0.01,-0.22,28.00,3.27,-0.22,26.00,0.01,-0.05
1934110,27.00,0.07,-0.19,28.00,3.33,0.09,26.00,0.05,-0.03
1934171,27.00,0.17,0.07,28.00,2.78,-0.11,26.00,0.01,-0.05
1934231,27.00,-0.14,-0.51,28.00,2.38,0.22,26.00,0.01,-0.04
1934291,27.00,-0.18,-0.07,28.00,2.09,-0.81,26.00,0.01,-0.04
1934351,27.00,-0.05,-0.27,28.00,1.44,0.14,26.00,0.01,-0.03
1934411,27.00,0.15,-0.33,28.00,0.73,0.29,26.00,-0.02,0.03
1934471,27.00,-0.04,-0.03,28.00,0.42,0.02,26.00,-0.02,-0.07
1934531,27.00,0.01,-0.29,28.00,-0.37,0.09,26.00,0.08,-0.05
1934591,27.00,0.17,-0.34,28.00,-1.02,0.03,26.00,-0.02,0.03
1934652,27.00,0.02,-0.22,28.00,-1.49,-0.36,26.00,0.07,-0.00
1934712,27.00,0.05,-0.06,28.00,-1.81,-0.36,26.00,0.02,-0.08
1934772,27.00,-0.02,-0.10,28.00,-2.29,0.20,26.00,-0.14,-0.04
1934832,27.00,-0.07,-0.25,28.00,-2.84,0.02,26.00,-0.04,0.04
1934892,27.00,-0.14,-0.16,28.00,-3.42,-0.06,26.00,0.04,-0.04
1934952,27.00,-0.05,-0.07,28.00,-3.48,-0.15,26.00,-0.07,-0.05
1935012,27.00,0.02,-0.16,28.00,-3.64,-0.02,26.00,0.05,0.04
1935073,27.00,0.04,-0.08,28.00,-4.08,-0.23,26.00,0.05,-0.01
1935133,27.00,0.02,-0.16,28.00,-3.82,-0.39,26.00,0.04,-0.02
1935193,27.00,0.05,-0.17,28.00,-3.92,-0.60,26.00,-0.04,-0.07
1935253,27.00,0.14,-0.08,28.00,-3.85,-0.26,26.00,0.01,0.02
1935313,27.00,-0.10,-0.29,28.00,-3.45,-0.07,26.00,0.07,-0.05
1935373,27.00,-0.07,0.07,28.00,-3.36,0.05,26.00,-0.01,-0.02
1935433,27.00,-0.12,-0.20,28.00,-3.04,-0.45,26.00,-0.04,-0.05
1935493,27.00,-0.10,-0.33,28.00,-2.41,-0.47,26.00,0.02,-0.02
1935554,27.00,0.21,-0.10,28.00,-1.97,-0.15,26.00,-0.10,-0.00
1935614,27.00,-0.07,-0.20,28.00,-1.38,-0.25,26.00,-0.02,-0.02
1935674,27.00,0.05,-0.14,28.00,-0.71,-0.47,26.00,0.07,0.00
1935734,27.00,0.08,-0.14,28.00,-0.18,-0.49,26.00,0.02,0.04
1935794,27.00,0.04,-0.15,28.00,0.49,-0.01,26.00,-0.08,-0.10
1935854,27.00,0.08,-0.28,28.00,1.00,-0.14,26.00,0.04,-0.02
1935914,27.00,-0.11,-0.29,28.00,1.62,-0.22,26.00,-0.02,0.00
1935975,27.00,0.12,-0.25,28.00,1.90,0.15,26.00,-0.05,0.04
1936035,27.00,-0.10,-0.26,28.00,2.42,-0.58,26.00,-0.07,0.00
1936095,27.00,-0.05,-0.03,28.00,2.81,-0.18,26.00,-0.01,-0.05
1936155,27.00,0.01,-0.06,28.00,3.26,0.19,26.00,0.01,-0.06
1936215,27.00,-0.14,-0.26,28.00,3.25,0.07,26.00,-0.11,-0.07
1936275,27.00,-0.08,-0.24,28.00,3.96,0.12,26.00,-0.02,-0.03
1936335,27.00,0.12,-0.19,28.00,3.68,-0.03,26.00,-0.05,0.00
1936395,27.00,-0.02,-0.27,28.00,3.55,-0.44,26.00,-0.04,-0.00
1936456,27.00,-0.05,-0.25,28.00,3.90,0.25,26.00,0.05,-0.03
1936516,27.00,-0.15,-0.29,28.00,3.47,0.37,26.00,-0.04,-0.06
1936576,27.00,0.11,-0.16,28.00,3.30,0.14,26.00,-0.05,-0.05
1936636,27.00,0.20,-0.04,28.00,2.98,-0.33,26.00,-0.07,-0.03
1936696,27.00,-0.04,-0.19,28.00,2.69,0.92,26.00,-0.07,-0.06
1936756,27.00,-0.08,-0.22,28.00,2.26,-0.30,26.00,-0.02,0.05
1936816,27.00,0.04,-0.33,28.00,1.60,0.15,26.00,-0.08,-0.09
1936877,27.00,0.05,-0.20,28.00,1.14,0.19,26.00,0.04,-0.05
1936937,27.00,0.07,-0.15,28.00,0.45,0.25,26.00,-0.02,-0.07
1936997,27.00,0.05,-0.26,28.00,0.26,0.09,26.00,-0.01,-0.03
1937057,27.00,-0.12,-0.16,28.00,-0.67,-0.18,26.00,-0.02,-0.07
1937117,27.00,0.05,-0.12,28.00,-0.92,0.22,26.00,-0.01,-0.09
1937177,27.00,-0.11,-0.13,28.00,-1.40,-0.04,26.00,-0.01,0.01
1937237,27.00,-0.12,-0.30,28.00,-1.91,-0.09,26.00,-0.02,-0.01
1937298,27.00,0.12,-0.12,28.00,-2.64,0.22,26.00,-0.02,-0.10
1937358,27.00,-0.01,-0.12,28.00,-3.13,-0.05,26.00,-0.05,0.06
1937418,27.00,-0.05,-0.17,28.00,-3.51,-0.71,26.00,-0.01,-0.05
1937478,27.00,0.07,-0.08,28.00,-3.39,-0.29,26.00,-0.02,-0.02
1937538,27.00,-0.05,-0.14,28.00,-3.64,-0.37,26.00,0.04,-0.01
1937598,27.00,0.10,-0.16,28.00,-3.98,-0.11,26.00,0.01,-0.01
1937658,27.00,-0.02,-0.17,28.00,-4.14,-0.44,26.00,0.02,0.02
1937718,27.00,-0.08,-0.20,28.00,-3.73,-0.35,26.00,0.04,0.02
1937779,27.00,0.07,-0.23,28.00,-3.57,-0.22,26.00,-0.01,-0.06
1937839,27.00,-0.04,-0.22,28.00,-3.49,-0.56,26.00,0.04,-0.07
1937899,27.00,-0.12,-0.08,28.00,-3.11,-0.11,26.00,0.02,-0.04
1937959,27.00,-0.02,-0.17,28.00,-2.32,-0.58,26.00,0.01,0.01
1938019,27.00,0.07,-0.29,28.00,-2.29,-0.51,26.00,-0.04,0.01
1938079,27.00,0.02,0.02,28.00,-1.69,-0.62,26.00,0.04,-0.01
1938139,27.00,0.01,-0.09,28.00,-1.12,-0.52,26.00,-0.02,0.04
1938199,27.00,-0.05,-0.09,28.00,-0.71,-0.61,26.00,0.02,-0.01
1938260,27.00,-0.11,-0.22,28.00,-0.07,-0.41,26.00,0.01,-0.05
1938320,27.00,0.02,-0.31,28.00,0.62,-0.04,26.00,0.01,-0.09
1938380,27.00,-0.10,0.07,28.00,1.14,-0.65,26.00,0.08,-0.02
1938440,27.00,0.08,-0.24,28.00,1.71,-0.16,26.00,0.05,0.09
1938500,27.00,-0.01,-0.31,28.00,1.97,0.16,26.00,0.02,-0.05
1938560,27.00,-0.10,-0.24,28.00,2.59,0.07,26.00,-0.01,-0.01
1938620,27.00,0.12,-0.36,28.00,3.13,0.08,26.00,-0.04,-0.12
1938681,27.00,-0.04,-0.22,28.00,3.41,-0.07,26.00,-0.02,0.01
1938741,27.00,-0.10,-0.30,28.00,3.60,-0.42,26.00,0.05,-0.08
1938801,27.00,-0.12,-0.18,28.00,3.95,-0.00,26.00,0.05,-0.09
1938861,27.00,-0.04,-0.28,28.00,3.95,-0.10,26.00,-0.07,-0.00
1938921,27.00,0.05,-0.14,28.00,3.89,-0.07,26.00,0.04,0.05
1938981,27.00,-0.12,-0.27,28.00,4.04,0.05,26.00,-0.04,-0.03
1939041,27.00,-0.01,-0.28,28.00,3.76,0.23,26.00,-0.04,-0.02
1939102,27.00,-0.02,-0.17,28.00,3.51,-0.35,26.00,0.01,-0.02
1939162,27.00,-0.02,-0.41,28.00,3.23,-0.07,26.00,-0.05,-0.01
1939222,27.00,-0.18,-0.36,28.00,2.53,0.31,26.00,-0.02,-0.06
1939282,27.00,0.05,-0.05,28.00,2.06,0.27,26.00,0.01,-0.02
1939342,27.00,-0.12,-0.30,28.00,1.65,-0.12,26.00,-0.02,-0.02
1939402,27.00,0.01,-0.28,28.00,1.12,-0.22,26.00,-0.04,0.00
1939462,27.00,0.05,-0.22,28.00,0.62,0.26,26.00,-0.07,-0.02
1939522,27.00,-0.08,-0.20,28.00,-0.15,-0.29,26.00,-0.04,-0.03
1939583,27.00,-0.07,-0.29,28.00,-0.77,0.07,26.00,0.01,0.01
1939643,27.00,-0.04,-0.26,28.00,-1.02,-0.40,26.00,-0.04,0.07
1939703,27.00,0.04,0.05,28.00,-1.72,-0.01,26.00,0.02,-0.07
1939763,27.00,-0.05,-0.29,28.00,-2.47,-0.29,26.00,-0.02,-0.08
1939823,27.00,-0.21,-0.33,28.00,-2.85,0.21,26.00,-0.05,0.03
1939883,27.00,0.10,-0.27,28.00,-3.13,-0.09,26.00,0.02,-0.04
1939943,27.00,-0.17,-0.17,28.00,-3.54,-0.35,26.00,-0.02,0.07
1940004,27.00,0.04,-0.22,28.00,-3.80,-0.46,26.00,-0.01,0.00
1940064,27.00,-0.15,-0.15,28.00,-3.98,-0.21,26.00,0.02,-0.05
1940124,27.00,0.07,-0.21,28.00,-4.01,-0.34,26.00,-0.01,0.00
1940184,27.00,-0.11,-0.26,28.00,-4.05,-0.29,26.00,-0.02,-0.02
1940244,27.00,0.02,-0.18,28.00,-3.70,-0.90,26.00,-0.04,-0.03
1940304,27.00,-0.04,-0.23,28.00,-3.49,-0.12,26.00,-0.05,-0.04
1940364,27.00,0.07,-0.06,28.00,-3.10,-0.36,26.00,-0.01,0.06
1940424,27.00,-0.02,-0.09,28.00,-2.70,-0.97,26.00,0.04,-0.09
1940485,27.00,0.08,-0.05,28.00,-2.54,0.01,26.00,-0.01,0.02
1940545,27.00,0.04,-0.18,28.00,-1.91,-0.51,26.00,-0.04,0.05
1940605,27.00,-0.12,-0.24,28.00,-1.40,-0.96,26.00,0.02,-0.04
1940665,27.00,-0.14,-0.24,28.00,-0.75,-0.81,26.00,0.05,-0.00
1940725,27.00,0.04,-0.20,28.00,-0.36,-0.41,26.00,-0.01,-0.02
1940785,27.00,0.15,-0.16,28.00,0.32,-0.39,26.00,-0.07,-0.03
1940845,27.00,-0.01,-0.04,28.00,0.77,-0.33,26.00,-0.05,-0.01
1940906,27.00,-0.02,-0.26,28.00,1.46,-0.52,26.00,0.05,-0.06
1940966,27.00,-0.14,-0.29,28.00,1.99,-0.36,26.00,-0.05,-0.06
1941026,27.00,0.04,-0.11,28.00,2.47,0.01,26.00,-0.04,-0.00
1941086,27.00,0.01,-0.15,28.00,2.94,-0.27,26.00,0.01,-0.01
1941146,27.00,0.08,-0.34,28.00,3.00,0.12,26.00,-0.11,0.01
1941206,27.00,-0.11,-0.20,28.00,3.55,0.10,26.00,0.04,-0.08
1941266,27.00,-0.04,-0.22,28.00,3.76,0.16,26.00,0.02,0.00
1941326,27.00,0.18,-0.31,28.00,3.67,-0.13,26.00,0.05,-0.06
1941387,27.00,-0.04,-0.38,28.00,3.90,0.29,26.00,-0.07,-0.03
1941447,27.00,-0.10,-0.21,28.00,3.49,-0.44,26.00,-0.04,-0.02
1941507,27.00,0.07,-0.27,28.00,3.57,0.06,26.00,0.02,-0.06
1941567,27.00,-0.02,-0.24,28.00,3.33,0.07,26.00,0.02,0.01
1941627,27.00,-0.11,-0.29,28.00,3.05,0.27,26.00,0.04,-0.03
1941687,27.00,0.17,-0.31,28.00,2.72,-0.55,26.00,0.01,-0.07
1941747,27.00,0.11,-0.18,28.00,2.23,0.56,26.00,0.02,-0.02
1941808,27.00,0.04,-0.18,28.00,1.93,0.07,26.00,0.02,-0.12
1941868,27.00,0.04,-0.17,28.00,1.34,-0.07,26.00,-0.04,-0.00
1941928,27.00,-0.08,-0.19,28.00,1.02,-0.41,26.00,-0.02,0.01
1941988,27.00,-0.15,-0.36,28.00,0.20,0.01,26.00,-0.05,-0.06
1942048,27.00,-0.14,-0.36,28.00,-0.18,-0.44,26.00,-0.04,-0.03
1942108,27.00,-0.10,-0.22,28.00,-1.00,-0.46,26.00,0.01,-0.07
1942168,27.00,-0.05,-0.06,28.00,-1.56,-0.18,26.00,-0.08,-0.00
1942228,27.00,-0.07,-0.37,28.00,-1.85,-0.35,26.00,0.04,-0.13
1942289,27.00,-0.02,-0.22,28.00,-2.35,-0.31,26.00,0.04,-0.04
1942349,27.00,-0.01,-0.18,28.00,-2.89,0.03,26.00,0.05,-0.07
1942409,27.00,0.02,-0.20,28.00,-3.19,-0.30,26.00,-0.07,-0.04
1942469,27.00,0.07,-0.17,28.00,-3.58,-0.28,26.00,0.01,-0.07
1942529,27.00,-0.04,-0.22,28.00,-3.63,-0.70,26.00,-0.02,-0.00
1942589,27.00,-0.04,-0.15,28.00,-3.82,-0.18,26.00,-0.02,-0.02
1942649,27.00,0.04,-0.04,28.00,-3.66,0.06,26.00,-0.05,-0.05
1942710,27.00,-0.26,-0.20,28.00,-3.57,-1.03,26.00,0.05,-0.06
1942770,27.00,0.02,0.04,28.00,-3.49,-0.21,26.00,0.05,0.02
1942830,27.00,0.08,-0.05,28.00,-3.48,-0.42,26.00,0.01,-0.03
1942890,27.00,-0.10,-0.15,28.00,-3.08,-0.29,26.00,0.05,-0.01
1942950,27.00,-0.01,-0.07,28.00,-2.70,-0.85,26.00,-0.02,-0.01
1943010,27.00,-0.11,-0.22,28.00,-2.23,-0.64,26.00,0.08,-0.01
1943070,27.00,0.05,0.01,28.00,-1.66,-0.95,26.00,0.01,-0.00
1943130,27.00,-0.02,-0.17,28.00,-1.22,-0.76,26.00,0.02,-0.05
1943191,27.00,0.02,-0.12,28.00,-0.74,-0.29,26.00,-0.08,-0.01
1943251,27.00,0.14,-0.29,28.00,-0.11,-0.46,26.00,-0.02,0.05
1943311,27.00,-0.07,-0.31,28.00,0.49,-0.30,26.00,-0.01,0.01
1943371,27.00,0.12,-0.20,28.00,1.08,0.14,26.00,-0.07,-0.06
1943431,27.00,0.01,-0.08,28.00,1.68,-0.01,26.00,-0.05,-0.05
1943491,27.00,-0.02,-0.18,28.00,2.16,-0.26,26.00,-0.01,-0.04
1943551,27.00,-0.12,-0.16,28.00,2.64,0.44,26.00,-0.02,-0.04
1943612,27.00,-0.08,-0.15,28.00,2.84,-0.05,26.00,0.05,0.01
1943672,27.00,-0.01,-0.29,28.00,3.60,-0.13,26.00,0.01,-0.04
1943732,27.00,-0.02,-0.23,28.00,3.73,-0.02,26.00,0.04,0.05
1943792,27.00,-0.08,-0.18,28.00,3.89,0.39,26.00,0.01,0.00
1943852,27.00,0.01,-0.16,28.00,3.90,0.00,26.00,0.01,-0.07
1943912,27.00,0.07,-0.11,28.00,3.83,-0.08,26.00,0.02,-0.04
1943972,27.00,-0.04,-0.24,28.00,3.67,-0.29,26.00,0.01,-0.02
1944033,27.00,-0.12,-0.22,28.00,3.57,-0.17,26.00,0.07,0.02
1944093,27.00,-0.08,-0.14,28.00,3.33,-0.03,26.00,0.01,-0.07
1944153,27.00,-0.04,-0.15,28.00,3.27,-0.03,26.00,0.04,0.04
1944213,27.00,-0.07,-0.29,28.00,2.31,-0.20,26.00,-0.07,-0.00
1944273,27.00,0.04,-0.25,28.00,2.34,-0.48,26.00,-0.12,-0.07
1944333,27.00,-0.01,-0.30,28.00,1.65,-0.32,26.00,0.01,-0.03
1944393,27.00,0.02,-0.02,28.00,1.06,-0.10,26.00,0.01,-0.12
1944453,27.00,0.14,-0.13,28.00,0.65,-0.22,26.00,-0.01,-0.07
1944514,27.00,-0.08,-0.08,28.00,-0.08,-0.23,26.00,0.01,-0.00
1944574,27.00,-0.23,-0.36,28.00,-0.84,-0.37,26.00,-0.04,-0.09
1944634,27.00,0.02,-0.23,28.00,-1.28,-0.13,26.00,-0.01,-0.02
1944694,27.00,-0.07,-0.08,28.00,-1.72,-0.15,26.00,0.02,-0.05
1944754,27.00,0.01,-0.16,28.00,-2.04,-0.39,26.00,0.02,-0.06
1944814,27.00,-0.14,-0.32,28.00,-2.57,0.13,26.00,-0.04,-0.11
1944874,27.00,0.10,-0.31,28.00,-3.23,-0.43,26.00,-0.04,-0.07
1944935,27.00,0.04,-0.09,28.00,-3.17,-0.23,26.00,-0.02,-0.07
1944995,27.00,0.07,-0.21,28.00,-3.41,-0.33,26.00,-0.02,-0.03
1945055,27.00,0.02,-0.38,28.00,-3.68,0.07,26.00,-0.01,-0.02
1945115,27.00,0.01,-0.05,28.00,-3.79,0.00,26.00,0.01,-0.10
1945175,27.00,-0.11,-0.15,28.00,-3.76,-0.33,26.00,-0.01,-0.02
1945235,27.00,0.15,-0.07,28.00,-3.54,-0.44,26.00,-0.04,-0.02
1945295,27.00,-0.07,-0.14,28.00,-3.54,0.06,26.00,-0.04,0.01
1945355,27.00,-0.08,-0.29,28.00,-3.22,-0.36,26.00,0.04,-0.01
1945416,27.00,0.11,-0.13,28.00,-2.94,-0.27,26.00,0.02,-0.07
1945476,27.00,0.08,-0.36,28.00,-2.56,-0.89,26.00,-0.05,-0.02
1945536,27.00,-0.04,-0.21,28.00,-2.10,-0.62,26.00,-0.05,-0.10
1945596,27.00,0.04,-0.19,28.00,-1.58,-0.22,26.00,-0.02,-0.08
1945656,27.00,-0.02,-0.23,28.00,-0.71,-0.35,26.00,0.02,-0.07
1945716,27.00,0.08,-0.02,28.00,-0.36,-0.44,26.00,-0.04,-0.05
1945776,27.00,-0.01,-0.36,28.00,0.30,-0.40,26.00,0.01,-0.05
1945837,27.00,-0.11,-0.27,28.00,0.75,-0.49,26.00,-0.01,0.01
1945897,27.00,0.10,-0.25,28.00,1.38,-0.22,26.00,-0.02,-0.01
1945957,27.00,0.02,-0.30,28.00,1.69,-0.07,26.00,-0.08,-0.07
1946017,27.00,0.05,-0.12,28.00,2.22,-0.15,26.00,-0.02,-0.05
1946077,27.00,-0.02,-0.06,28.00,2.73,0.28,26.00,0.01,0.04
1946137,27.00,0.05,-0.23,28.00,3.07,-0.44,26.00,-0.01,-0.05
1946197,27.00,-0.01,-0.20,28.00,3.60,-0.10,26.00,-0.07,-0.05
1946257,27.00,-0.08,-0.16,28.00,3.86,-0.28,26.00,-0.05,-0.02
1946318,27.00,-0.14,-0.25,28.00,3.82,0.34,26.00,-0.02,-0.01
1946378,27.00,0.18,-0.09,28.00,3.74,-0.20,26.00,0.08,-0.00
1946438,27.00,0.04,-0.22,28.00,3.96,0.46,26.00,0.04,-0.04
1946498,27.00,0.05,-0.10,28.00,3.47,0.36,26.00,0.04,-0.02
1946558,27.00,0.05,-0.15,28.00,3.35,0.10,26.00,0.04,0.04
1946618,27.00,0.14,-0.18,28.00,3.20,-0.07,26.00,-0.05,-0.02
1946678,27.00,-0.07,-0.27,28.00,2.81,0.07,26.00,0.01,-0.05
1946739,27.00,0.02,-0.16,28.00,2.29,-0.00,26.00,-0.07,-0.07
1946799,27.00,-0.01,-0.33,28.00,1.96,0.23,26.00,-0.07,0.02
1946859,27.00,-0.20,-0.28,28.00,1.28,0.34,26.00,-0.01,-0.08
1946919,27.00,0.04,-0.27,28.00,0.83,0.70,26.00,0.05,-0.04
1946979,27.00,0.11,-0.02,28.00,0.32,0.00,26.00,0.05,-0.09
1947039,27.00,0.04,-0.22,28.00,-0.26,0.04,26.00,-0.04,0.03
1947099,27.00,-0.14,-0.17,28.00,-0.97,0.02,26.00,0.04,-0.06
1947159,27.00,0.02,-0.22,28.00,-1.65,-0.03,26.00,-0.01,-0.01
1947220,27.00,0.26,-0.21,28.00,-2.22,-0.32,26.00,0.01,0.01
1947280,27.00,-0.14,-0.24,28.00,-2.37,-0.44,26.00,-0.01,-0.01
1947340,27.00,-0.07,-0.25,28.00,-2.63,-0.09,26.00,-0.01,0.03
1947400,27.00,-0.10,-0.16,28.00,-3.17,-0.16,26.00,0.02,-0.01
1947460,27.00,0.07,-0.08,28.00,-3.60,-0.29,26.00,-0.01,-0.07
1947520,27.00,0.04,-0.28,28.00,-3.76,-0.50,26.00,-0.01,0.00
1947580,27.00,-0.04,-0.40,28.00,-4.11,0.04,26.00,-0.05,-0.09
1947641,27.00,0.04,-0.02,28.00,-3.88,-0.39,26.00,-0.10,-0.01
1947701,27.00,0.15,-0.15,28.00,-3.93,0.04,26.00,-0.01,-0.00
1947761,27.00,0.02,-0.21,28.00,-3.85,-0.40,26.00,-0.01,-0.04
1947821,27.00,-0.17,-0.28,28.00,-3.60,-0.14,26.00,0.01,-0.01
1947881,27.00,-0.12,-0.24,28.00,-3.41,-0.80,26.00,0.01,-0.06
1947941,27.00,0.02,-0.44,28.00,-2.95,0.18,26.00,0.05,0.04
1948001,27.00,0.11,-0.17,28.00,-2.42,-0.61,26.00,0.01,-0.00
1948061,27.00,0.27,-0.02,28.00,-1.71,-0.42,26.00,0.01,-0.07
1948122,27.00,0.01,-0.30,28.00,-1.31,-0.73,26.00,0.01,-0.01
1948182,27.00,0.04,-0.22,28.00,-0.84,-0.51,26.00,-0.04,0.01
1948242,27.00,-0.12,-0.30,28.00,-0.21,-0.53,26.00,-0.05,-0.03
1948302,27.00,-0.07,-0.19,28.00,0.42,-0.44,26.00,-0.08,0.03
1948362,27.00,-0.14,-0.18,28.00,0.80,-0.54,26.00,0.07,-0.04
1948422,27.00,-0.01,-0.24,28.00,1.41,0.14,26.00,-0.02,-0.04
1948482,27.00,-0.02,-0.36,28.00,2.01,0.25,26.00,-0.01,-0.08
1948543,27.00,0.08,-0.10,28.00,2.41,-0.53,26.00,-0.04,-0.01
1948603,27.00,0.08,-0.17,28.00,3.00,-0.01,26.00,0.01,-0.08
1948663,27.00,-0.07,-0.24,28.00,3.38,-0.13,26.00,-0.04,-0.07
1948723,27.00,-0.08,-0.27,28.00,3.52,-0.02,26.00,-0.04,-0.06
1948783,27.00,0.10,-0.25,28.00,3.73,-0.11,26.00,-0.02,-0.01
1948843,27.00,-0.17,-0.29,28.00,3.95,-0.18,26.00,-0.02,-0.04
1948903,27.00,-0.11,-0.22,28.00,3.66,0.58,26.00,-0.01,-0.09
1948963,27.00,-0.20,-0.24,28.00,4.05,0.16,26.00,-0.04,0.01
1949024,27.00,0.01,-0.14,28.00,3.58,-0.32,26.00,-0.04,-0.04
1949084,27.00,-0.08,-0.23,28.00,3.30,0.21,26.00,0.02,-0.06
1949144,27.00,-0.01,-0.18,28.00,3.04,-0.23,26.00,0.08,-0.09
1949204,27.00,0.02,-0.08,28.00,2.73,0.02,26.00,0.01,-0.00
1949264,27.00,-0.08,-0.14,28.00,2.00,-0.04,26.00,-0.04,-0.03
1949324,27.00,0.10,-0.14,28.00,1.71,0.13,26.00,-0.07,-0.03
1949384,27.00,-0.12,-0.13,28.00,1.08,-0.11,26.00,0.01,0.06
1949445,27.00,-0.18,-0.32,28.00,0.48,0.12,26.00,-0.01,-0.07
1949505,27.00,0.05,-0.22,28.00,0.07,-0.01,26.00,-0.02,-0.08
1949565,27.00,0.04,-0.15,28.00,-0.36,-0.05,26.00,-0.02,-0.04
1949625,27.00,0.05,-0.20,28.00,-0.83,-0.46,26.00,-0.04,-0.05
1949685,27.00,-0.01,-0.12,28.00,-1.38,-0.51,26.00,0.02,-0.15
1949745,27.00,0.11,-0.18,28.00,-2.18,-0.22,26.00,-0.07,-0.02
1949805,27.00,-0.10,-0.11,28.00,-2.78,-0.58,26.00,-0.04,-0.01
1949866,27.00,-0.04,-0.20,28.00,-2.98,0.07,26.00,-0.02,-0.06
1949926,27.00,0.17,-0.07,28.00,-3.35,0.08,26.00,0.02,-0.02
1949986,27.00,-0.01,-0.11,28.00,-3.68,-0.11,26.00,0.02,-0.03
1950046,27.00,-0.01,-0.17,28.00,-3.76,-0.26,26.00,-0.02,-0.03
1950106,27.00,-0.14,-0.18,28.00,-3.67,-0.48,26.00,-0.08,-0.07
1950166,27.00,-0.07,-0.20,28.00,-3.86,0.09,26.00,0.07,-0.05
1950226,27.00,-0.14,-0.20,28.00,-3.74,-0.42,26.00,-0.04,-0.03
1950286,27.00,-0.02,-0.29,28.00,-3.51,-0.25,26.00,-0.05,-0.03
1950347,27.00,-0.05,-0.28,28.00,-3.22,-0.42,26.00,-0.04,-0.08
1950407,27.00,-0.05,-0.18,28.00,-3.08,-0.21,26.00,-0.01,0.10
1950467,27.00,-0.15,-0.25,28.00,-2.76,-0.11,26.00,0.01,-0.02
1950527,27.00,0.05,-0.36,28.00,-2.34,-0.64,26.00,-0.05,-0.05
1950587,27.00,-0.07,-0.29,28.00,-1.68,-0.40,26.00,-0.02,-0.10
1950647,27.00,-0.10,-0.17,28.00,-1.30,-0.30,26.00,-0.04,-0.01
1950707,27.00,-0.08,-0.19,28.00,-0.39,-0.52,26.00,0.07,-0.03
1950768,27.00,-0.08,-0.15,28.00,-0.15,-0.28,26.00,0.05,0.03
1950828,27.00,-0.05,-0.09,28.00,0.62,-0.57,26.00,-0.04,-0.03
1950888,27.00,-0.04,-0.08,28.00,1.16,0.22,26.00,-0.04,0.00
1950948,27.00,0.02,-0.16,28.00,1.79,-0.38,26.00,0.01,-0.07
1951008,27.00,-0.08,-0.26,28.00,2.41,-0.15,26.00,-0.01,-0.04
1951068,27.00,0.04,-0.19,28.00,2.40,-0.05,26.00,-0.02,-0.05
1951128,27.00,0.11,-0.20,28.00,2.85,-0.26,26.00,-0.01,-0.03
1951188,27.00,0.04,-0.38,28.00,3.54,0.26,26.00,-0.05,0.02
1951249,27.00,-0.07,-0.52,28.00,3.36,-0.01,26.00,-0.02,-0.00
1951309,27.00,-0.07,-0.24,28.00,3.93,-0.49,26.00,-0.01,0.01
1951369,27.00,-0.02,-0.15,28.00,3.80,-0.07,26.00,-0.01,-0.01
1951429,27.00,0.11,-0.09,28.00,3.76,-0.17,26.00,-0.02,-0.10
1951489,27.00,-0.23,-0.25,28.00,3.55,-0.29,26.00,-0.08,-0.07
1951549,27.00,-0.08,-0.31,28.00,3.58,0.05,26.00,-0.07,-0.01
1951609,27.00,-0.07,-0.19,28.00,3.13,-0.11,26.00,-0.12,-0.04
1951670,27.00,-0.08,-0.43,28.00,2.97,-0.08,26.00,-0.02,-0.03
1951730,27.00,0.08,-0.10,28.00,2.51,-0.04,26.00,-0.05,-0.02
1951790,27.00,0.07,-0.05,28.00,2.40,-0.15,26.00,-0.05,-0.06
1951850,27.00,0.01,-0.23,28.00,1.55,-0.17,26.00,-0.04,-0.14
1951910,27.00,0.04,-0.21,28.00,0.71,-0.08,26.00,-0.01,-0.00
1951970,27.00,0.10,-0.11,28.00,0.40,-0.02,26.00,-0.04,-0.08
1952030,27.00,-0.12,-0.22,28.00,-0.33,-0.28,26.00,0.01,-0.07
1952090,27.00,0.10,-0.10,28.00,-0.84,-0.41,26.00,-0.04,-0.13
1952151,27.00,-0.05,-0.24,28.00,-1.47,-0.30,26.00,-0.04,-0.03
1952211,27.00,0.05,0.00,28.00,-1.81,-0.17,26.00,-0.02,-0.03
1952271,27.00,0.14,-0.22,28.00,-2.56,0.43,26.00,-0.01,-0.03
1952331,27.00,-0.01,-0.24,28.00,-2.81,-0.37,26.00,-0.08,-0.07
1952391,27.00,0.02,-0.18,28.00,-3.16,-0.24,26.00,-0.01,-0.11
1952451,27.00,-0.05,-0.32,28.00,-3.54,-0.13,26.00,-0.10,-0.05
1952511,27.00,-0.04,-0.31,28.00,-3.57,-0.20,26.00,-0.05,-0.00
1952572,27.00,0.05,-0.31,28.00,-3.71,-0.27,26.00,-0.01,0.00
1952632,27.00,-0.05,-0.24,28.00,-4.20,-0.14,26.00,-0.05,-0.04
1952692,27.00,-0.10,-0.18,28.00,-3.92,-0.75,26.00,0.02,-0.12
1952752,27.00,0.04,-0.20,28.00,-3.54,-0.68,26.00,-0.01,0.04
1952812,27.00,-0.04,-0.17,28.00,-3.39,-0.57,26.00,0.08,-0.00
1952872,27.00,-0.05,-0.03,28.00,-3.38,-0.29,26.00,-0.04,-0.08
1952932,27.00,-0.05,-0.36,28.00,-3.00,-0.43,26.00,0.02,0.01
1952992,27.00,0.17,-0.15,28.00,-2.25,-0.68,26.00,0.02,0.03
1953053,27.00,-0.10,-0.30,28.00,-2.09,0.00,26.00,0.05,-0.07
1953113,27.00,0.10,-0.09,28.00,-1.25,-0.60,26.00,0.04,-0.07
1953173,27.00,-0.02,-0.31,28.00,-0.68,-1.02,26.00,-0.01,-0.07
1953233,27.00,0.02,-0.11,28.00,-0.33,-0.73,26.00,-0.02,-0.02
1953293,27.00,0.14,-0.20,28.00,0.21,-0.33,26.00,-0.04,-0.03
1953353,27.00,0.08,-0.08,28.00,0.73,-0.36,26.00,-0.08,-0.05
1953413,27.00,-0.01,-0.18,28.00,1.37,-0.09,26.00,-0.04,0.02
1953474,27.00,0.01,-0.22,28.00,2.04,-0.08,26.00,-0.02,-0.07
1953534,27.00,0.15,-0.40,28.00,2.50,-0.11,26.00,0.02,-0.01
1953594,27.00,0.04,-0.04,28.00,2.84,0.07,26.00,0.05,-0.08
1953654,27.00,0.12,-0.40,28.00,3.03,0.27,26.00,0.01,-0.05
1953714,27.00,0.12,-0.26,28.00,3.44,-0.12,26.00,-0.10,0.03
1953774,27.00,0.04,-0.21,28.00,3.90,-0.03,26.00,0.01,0.01
1953834,27.00,-0.15,-0.35,28.00,3.67,0.60,26.00,-0.01,-0.03
1953894,27.00,0.20,-0.20,28.00,3.80,-0.15,26.00,-0.05,-0.08
1953955,27.00,0.04,-0.07,28.00,3.57,0.24,26.00,-0.05,0.05
1954015,27.00,-0.07,-0.15,28.00,3.48,0.14,26.00,-0.04,-0.01
1954075,27.00,-0.07,-0.33,28.00,3.54,0.05,26.00,-0.05,-0.06
1954135,27.00,0.11,-0.11,28.00,3.17,0.15,26.00,0.01,-0.08
1954195,27.00,-0.14,-0.22,28.00,2.51,0.09,26.00,-0.04,-0.05
1954255,27.00,-0.01,-0.05,28.00,2.44,-0.17,26.00,0.01,-0.00
1954315,27.00,-0.05,-0.29,28.00,1.96,0.02,26.00,-0.01,0.01
1954376,27.00,-0.01,-0.07,28.00,1.40,0.19,26.00,-0.05,0.00
1954436,27.00,-0.08,-0.19,28.00,0.78,-0.55,26.00,0.01,-0.11
1954496,27.00,0.05,-0.08,28.00,0.04,-0.04,26.00,-0.02,-0.12
1954556,27.00,-0.07,-0.15,28.00,-0.36,-0.07,26.00,-0.01,-0.08
1954616,27.00,-0.14,-0.29,28.00,-1.28,0.45,26.00,-0.01,-0.05
1954676,27.00,0.02,-0.19,28.00,-1.59,-0.34,26.00,-0.05,-0.02
1954736,27.00,-0.10,-0.17,28.00,-2.13,-0.10,26.00,-0.05,-0.04
1954797,27.00,0.07,-0.36,28.00,-2.59,0.07,26.00,0.10,0.02
1954857,27.00,0.07,-0.01,28.00,-2.70,-0.36,26.00,0.01,-0.07
1954917,27.00,-0.14,-0.22,28.00,-3.17,-0.31,26.00,0.04,0.00
1954977,27.00,0.01,-0.14,28.00,-3.45,-0.41,26.00,-0.01,0.00
1955037,27.00,-0.04,-0.16,28.00,-3.80,-0.23,26.00,-0.01,-0.03
1955097,27.00,-0.04,-0.13,28.00,-3.77,-0.08,26.00,-0.04,-0.08
1955157,27.00,-0.10,-0.32,28.00,-3.80,-0.65,26.00,0.02,-0.00
1955217,27.00,-0.21,-0.39,28.00,-3.98,-0.15,26.00,-0.01,0.00
1955278,27.00,0.18,-0.15,28.00,-3.63,-0.68,26.00,-0.05,-0.16
1955338,27.00,-0.02,-0.14,28.00,-3.33,-0.67,26.00,0.07,0.00
1955398,27.00,0.11,-0.22,28.00,-3.08,-0.63,26.00,-0.02,0.02
1955458,27.00,0.04,-0.34,28.00,-2.82,-0.32,26.00,-0.01,-0.08
1955518,27.00,-0.15,-0.24,28.00,-2.07,-0.36,26.00,0.01,0.00
1955578,27.00,0.08,-0.15,28.00,-1.69,-0.18,26.00,-0.01,-0.03
1955638,27.00,0.11,-0.29,28.00,-1.18,-0.39,26.00,0.11,-0.03
1955698,27.00,-0.07,-0.24,28.00,-0.80,-0.19,26.00,-0.02,-0.00
1955759,27.00,-0.05,-0.17,28.00,-0.02,-0.39,26.00,-0.04,0.01
1955819,27.00,-0.07,-0.29,28.00,0.55,-0.30,26.00,-0.07,0.04
1955879,27.00,-0.20,-0.37,28.00,1.21,-0.35,26.00,0.04,0.03
1955939,27.00,0.04,-0.35,28.00,1.71,-0.26,26.00,0.01,-0.00
1955999,27.00,-0.17,-0.10,28.00,2.21,0.08,26.00,-0.02,-0.09
1956059,27.00,0.01,-0.09,28.00,2.57,-0.26,26.00,-0.10,-0.07
1956119,27.00,-0.05,-0.04,28.00,3.05,-0.04,26.00,-0.02,0.01
1956180,27.00,0.05,-0.25,28.00,3.49,0.07,26.00,0.01,-0.02
1956240,27.00,0.02,-0.21,28.00,3.52,-0.19,26.00,0.05,0.07
1956300,27.00,-0.04,-0.29,28.00,3.77,-0.31,26.00,0.05,0.01
1956360,27.00,0.15,0.04,28.00,3.98,0.10,26.00,0.05,0.00
1956420,27.00,-0.02,-0.18,28.00,3.64,-0.00,26.00,0.02,-0.09
1956480,27.00,-0.14,-0.23,28.00,3.73,0.13,26.00,-0.08,-0.06
1956540,27.00,0.29,0.07,28.00,3.58,-0.11,26.00,-0.05,-0.06
1956601,27.00,0.05,-0.30,28.00,3.47,-0.13,26.00,0.04,-0.08
1956661,27.00,-0.01,-0.23,28.00,2.84,0.13,26.00,-0.01,-0.04
1956721,27.00,0.01,-0.34,28.00,2.62,0.39,26.00,0.01,-0.02
1956781,27.00,-0.18,-0.09,28.00,2.04,0.33,26.00,-0.01,-0.00
1956841,27.00,0.04,-0.31,28.00,1.69,-0.11,26.00,-0.02,-0.07
1956901,27.00,0.02,-0.18,28.00,1.12,0.59,26.00,-0.02,-0.00
1956961,27.00,0.04,-0.24,28.00,0.32,0.89,26.00,0.04,-0.07
1957021,27.00,0.02,-0.29,28.00,-0.02,-0.15,26.00,0.04,0.04
1957082,27.00,0.05,-0.15,28.00,-0.59,-0.28,26.00,-0.02,-0.10
1957142,27.00,-0.17,-0.32,28.00,-1.24,0.12,26.00,-0.05,0.04
1957202,27.00,0.15,-0.03,28.00,-1.90,0.01,26.00,0.01,-0.08
1957262,27.00,-0.01,-0.25,28.00,-2.06,-0.53,26.00,-0.04,-0.04
1957322,27.00,-0.10,-0.16,28.00,-2.79,0.23,26.00,-0.10,-0.06
1957382,27.00,-0.07,-0.35,28.00,-3.25,-0.51,26.00,-0.07,-0.03
1957442,27.00,0.02,-0.16,28.00,-3.39,-0.51,26.00,0.05,-0.06
1957503,27.00,-0.18,-0.16,28.00,-3.61,-0.26,26.00,0.02,-0.04
1957563,27.00,0.10,-0.24,28.00,-4.07,-0.36,26.00,-0.04,0.00
1957623,27.00,-0.10,-0.20,28.00,-3.61,-0.02,26.00,0.02,-0.14
1957683,27.00,-0.08,-0.07,28.00,-3.79,-0.07,26.00,-0.01,-0.05
1957743,27.00,-0.08,-0.28,28.00,-3.60,-0.17,26.00,-0.01,-0.06
1957803,27.00,0.10,0.02,28.00,-3.48,0.33,26.00,0.04,0.05
1957863,27.00,-0.11,-0.06,28.00,-3.04,-0.19,26.00,-0.07,0.04
1957923,27.00,-0.04,-0.33,28.00,-2.57,-0.62,26.00,-0.07,-0.10
1957984,27.00,0.01,-0.22,28.00,-2.40,-0.51,26.00,-0.04,0.00
1958044,27.00,-0.07,-0.22,28.00,-2.00,-0.81,26.00,-0.04,-0.11
1958104,27.00,-0.02,-0.14,28.00,-1.24,-0.44,26.00,-0.05,-0.01
1958164,27.00,-0.04,-0.15,28.00,-0.78,-0.65,26.00,0.02,0.08
1958224,27.00,-0.10,-0.29,28.00,-0.26,-0.40,26.00,0.02,0.01
1958284,27.00,0.12,-0.32,28.00,0.18,-0.54,26.00,-0.01,-0.04
1958344,27.00,-0.05,-0.24,28.00,0.67,-0.22,26.00,-0.05,-0.07
1958405,27.00,-0.10,-0.10,28.00,1.37,-0.41,26.00,0.07,0.07
1958465,27.00,-0.08,-0.18,28.00,2.01,0.23,26.00,0.01,-0.05
1958525,27.00,-0.02,-0.35,28.00,2.48,0.36,26.00,-0.04,-0.03
1958585,27.00,0.04,-0.39,28.00,2.67,-0.44,26.00,-0.02,-0.02
1958645,27.00,-0.08,-0.25,28.00,3.05,-0.40,26.00,-0.04,-0.01
1958705,27.00,-0.11,-0.27,28.00,3.39,-0.07,26.00,-0.01,0.02
1958765,27.00,-0.04,-0.13,28.00,3.66,-0.35,26.00,-0.01,-0.01
1958825,27.00,-0.01,-0.29,28.00,3.79,0.03,26.00,0.05,-0.04
1958886,27.00,0.08,-0.07,28.00,3.64,0.08,26.00,-0.07,-0.06
1958946,27.00,-0.02,-0.17,28.00,3.82,0.00,26.00,0.04,-0.06
1959006,27.00,0.11,-0.06,28.00,3.70,-0.16,26.00,0.04,0.03
