3146863,27.00,-0.12,-0.22,28.00,1.43,-0.14,27.00,-0.04,-0.14
3146923,27.00,-0.08,-0.17,28.00,0.53,0.06,27.00,0.07,0.01
3146983,27.00,0.02,-0.19,28.00,0.20,-0.18,27.00,-0.01,0.00
3147043,27.00,0.12,-0.16,28.00,-0.20,-0.39,27.00,-0.02,-0.04
3147103,27.00,-0.02,-0.27,28.00,-1.00,-0.22,27.00,-0.02,-0.07
3147164,27.00,0.01,-0.16,28.00,-1.47,-0.38,27.00,-0.04,-0.08
3147224,27.00,-0.02,-0.24,28.00,-2.04,-0.24,27.00,0.05,-0.04
3147284,27.00,-0.11,-0.10,28.00,-2.50,-0.69,27.00,-0.05,-0.07
3147344,27.00,-0.02,-0.21,28.00,-3.25,0.19,27.00,-0.02,-0.07
3147404,27.00,0.10,-0.27,28.00,-3.45,-0.47,27.00,-0.05,-0.10
3147464,27.00,-0.07,-0.26,28.00,-3.48,-0.49,27.00,0.01,-0.02
3147524,27.00,-0.02,-0.26,28.00,-3.71,-0.22,27.00,-0.08,-0.03
3147585,27.00,-0.02,-0.08,28.00,-3.61,-0.35,27.00,0.04,-0.11
3147645,27.00,-0.10,-0.20,28.00,-3.85,0.17,27.00,0.05,-0.06
3147705,27.00,-0.01,-0.17,28.00,-4.04,-0.30,27.00,0.01,-0.02
3147765,27.00,-0.10,-0.12,28.00,-3.60,-0.26,27.00,-0.04,-0.07
3147825,27.00,0.05,-0.26,28.00,-3.60,-0.41,27.00,-0.04,-0.09
3147885,27.00,0.12,-0.07,28.00,-2.97,-0.16,27.00,-0.01,-0.10
3147945,27.00,-0.04,-0.38,28.00,-2.66,-0.29,27.00,0.05,-0.00
3148005,27.00,0.11,-0.18,28.00,-2.37,-0.40,27.00,-0.01,-0.02
3148066,27.00,0.04,-0.26,28.00,-1.77,-0.10,27.00,-0.05,-0.00
3148126,27.00,0.01,-0.20,28.00,-1.43,-0.21,27.00,0.01,0.02
3148186,27.00,-0.01,-0.27,28.00,-0.53,-0.81,27.00,-0.01,0.01
3148246,27.00,-0.01,0.02,28.00,-0.10,-0.62,27.00,-0.05,0.00
3148306,27.00,-0.01,-0.22,28.00,0.39,-0.75,27.00,0.01,0.03
3148366,27.00,-0.12,-0.07,28.00,0.89,-0.18,27.00,0.01,-0.00
3148426,27.00,0.01,-0.07,28.00,1.68,-0.18,27.00,-0.01,-0.12
3148487,27.00,-0.02,-0.24,28.00,2.01,-0.24,27.00,0.07,-0.01
3148547,27.00,-0.05,-0.21,28.00,2.63,-0.64,27.00,-0.05,-0.07
3148607,27.00,0.20,-0.17,28.00,2.97,0.02,27.00,-0.01,-0.07
3148667,27.00,-0.04,-0.22,28.00,3.16,0.58,27.00,-0.10,-0.04
3148727,27.00,0.05,-0.18,28.00,3.66,0.27,27.00,-0.07,-0.07
3148787,27.00,-0.18,-0.26,28.00,3.83,0.31,27.00,-0.01,-0.03
3148847,27.00,0.01,-0.26,28.00,3.73,-0.07,27.00,-0.08,-0.12
3148907,27.00,-0.05,0.02,28.00,3.88,-0.24,27.00,0.04,0.01
3148968,27.00,-0.05,-0.16,28.00,3.58,0.08,27.00,0.02,-0.01
3149028,27.00,0.11,-0.18,28.00,3.61,0.30,27.00,-0.02,-0.04
3149088,27.00,0.17,-0.32,28.00,3.52,-0.25,27.00,-0.02,-0.05
3149148,27.00,0.02,-0.16,28.00,2.94,-0.05,27.00,-0.01,-0.06
3149208,27.00,-0.04,-0.15,28.00,2.48,0.36,27.00,0.05,-0.08
3149268,27.00,0.02,-0.33,28.00,2.00,-0.17,27.00,-0.01,-0.05
3149328,27.00,-0.04,-0.18,28.00,1.82,0.13,27.00,-0.02,0.07
3149389,27.00,-0.05,-0.22,28.00,1.18,-0.07,27.00,-0.05,-0.09
3149449,27.00,-0.10,-0.11,28.00,0.43,0.15,27.00,0.04,-0.01
3149509,27.00,0.10,-0.28,28.00,0.04,-0.21,27.00,0.08,0.04
3149569,27.00,-0.08,-0.21,28.00,-0.64,-0.31,27.00,0.04,-0.04
3149629,27.00,-0.05,-0.08,28.00,-0.89,0.41,27.00,0.01,0.01
3149689,27.00,-0.10,-0.35,28.00,-1.68,0.25,27.00,0.02,-0.03
3149749,27.00,-0.04,-0.22,28.00,-1.91,-0.60,27.00,-0.05,-0.13
3149810,27.00,-0.04,-0.17,28.00,-2.60,0.07,27.00,-0.02,-0.01
3149870,27.00,0.05,-0.07,28.00,-2.91,-0.17,27.00,0.02,-0.04
3149930,27.00,0.11,-0.21,28.00,-3.41,-0.01,27.00,-0.04,-0.07
3149990,27.00,-0.02,-0.17,28.00,-3.52,0.16,27.00,-0.08,0.05
3150050,27.00,0.05,-0.05,28.00,-3.45,-0.88,27.00,-0.04,-0.01
3150110,27.00,0.07,-0.11,28.00,-3.82,-0.09,27.00,0.02,-0.02
3150170,27.00,-0.04,-0.32,28.00,-3.57,-0.27,27.00,0.05,-0.07
3150230,27.00,0.01,-0.29,28.00,-3.76,-0.29,27.00,0.01,0.01
3150291,27.00,0.07,-0.15,28.00,-3.64,-0.29,27.00,0.01,0.02
3150351,27.00,-0.08,-0.32,28.00,-3.58,-0.30,27.00,0.05,-0.04
3150411,27.00,-0.18,-0.14,28.00,-3.04,-0.44,27.00,-0.02,-0.08
3150471,27.00,0.02,-0.18,28.00,-2.73,-0.49,27.00,0.02,-0.06
3150531,27.00,0.12,-0.15,28.00,-2.16,-1.02,27.00,-0.04,-0.02
3150591,27.00,-0.11,-0.22,28.00,-1.52,-0.53,27.00,0.01,-0.07
3150651,27.00,-0.01,-0.07,28.00,-1.15,-0.47,27.00,0.07,-0.03
3150712,27.00,0.04,-0.15,28.00,-0.45,-0.75,27.00,-0.01,-0.05
3150772,27.00,0.05,-0.22,28.00,0.01,-0.63,27.00,-0.02,0.05
3150832,27.00,-0.08,-0.21,28.00,0.65,-0.17,27.00,-0.05,-0.05
3150892,27.00,0.10,-0.16,28.00,1.21,-0.07,27.00,0.07,-0.05
3150952,27.00,-0.07,-0.22,28.00,1.97,-0.37,27.00,0.05,0.07
3151012,27.00,-0.04,-0.17,28.00,2.35,-0.36,27.00,0.01,-0.12
3151072,27.00,0.02,-0.13,28.00,3.05,-0.49,27.00,0.01,-0.07
3151132,27.00,0.11,-0.13,28.00,3.08,-0.07,27.00,-0.01,-0.13
3151193,27.00,0.05,-0.12,28.00,3.41,0.04,27.00,-0.02,0.01
3151253,27.00,-0.15,-0.27,28.00,3.57,-0.06,27.00,0.02,-0.07
3151313,27.00,0.14,-0.18,28.00,3.95,0.07,27.00,-0.01,-0.07
3151373,27.00,0.01,-0.15,28.00,3.99,-0.15,27.00,-0.04,-0.05
3151433,27.00,0.01,-0.15,28.00,3.99,-0.31,27.00,-0.02,-0.13
3151493,27.00,-0.08,-0.19,28.00,3.61,0.30,27.00,0.02,0.07
3151553,27.00,-0.04,-0.30,28.00,3.55,0.14,27.00,0.01,0.01
3151614,27.00,-0.12,-0.11,28.00,3.26,0.27,27.00,-0.04,0.00
3151674,27.00,0.14,-0.12,28.00,2.88,0.39,27.00,0.01,-0.01
3151734,27.00,-0.07,-0.15,28.00,2.57,0.11,27.00,0.01,-0.01
3151794,27.00,0.07,-0.10,28.00,1.96,0.06,27.00,0.02,0.00
3151854,27.00,-0.11,-0.21,28.00,1.56,0.20,27.00,-0.04,-0.08
3151914,27.00,0.05,-0.17,28.00,1.09,0.36,27.00,0.01,0.02
3151974,27.00,-0.04,-0.21,28.00,0.32,0.15,27.00,-0.01,-0.04
3152034,27.00,0.12,0.07,28.00,-0.32,0.24,27.00,-0.05,-0.09
3152095,27.00,-0.05,-0.31,28.00,-0.81,-0.07,27.00,0.01,0.10
3152155,27.00,0.05,-0.25,28.00,-1.09,-0.19,27.00,0.02,-0.05
3152215,27.00,-0.08,-0.16,28.00,-1.82,-0.22,27.00,-0.12,-0.11
3152275,27.00,-0.20,-0.28,28.00,-2.41,-0.18,27.00,-0.01,-0.05
3152335,27.00,0.04,-0.32,28.00,-2.89,-0.29,27.00,-0.02,0.00
3152395,27.00,0.08,-0.36,28.00,-3.30,-0.04,27.00,-0.02,-0.08
3152455,27.00,0.02,-0.31,28.00,-3.42,0.04,27.00,-0.02,-0.04
3152516,27.00,0.15,-0.03,28.00,-3.52,-0.96,27.00,0.01,-0.00
3152576,27.00,-0.07,-0.15,28.00,-3.80,-0.51,27.00,0.01,-0.07
3152636,27.00,0.01,-0.21,28.00,-4.11,-0.36,27.00,0.01,0.00
3152696,27.00,0.08,-0.25,28.00,-3.71,-0.10,27.00,0.01,-0.09
3152756,27.00,-0.01,-0.19,28.00,-3.68,-0.35,27.00,-0.01,-0.11
3152816,27.00,-0.04,-0.09,28.00,-3.42,-0.05,27.00,0.02,-0.08
3152876,27.00,0.01,-0.15,28.00,-3.36,-0.53,27.00,-0.01,0.01
3152936,27.00,0.11,-0.12,28.00,-2.56,-0.28,27.00,0.04,-0.04
3152997,27.00,-0.01,-0.22,28.00,-2.34,-0.10,27.00,-0.04,-0.01
3153057,27.00,-0.20,-0.38,28.00,-1.78,-0.22,27.00,0.02,0.04
3153117,27.00,0.02,-0.09,28.00,-1.47,-0.57,27.00,0.05,-0.07
3153177,27.00,-0.05,-0.27,28.00,-0.65,-1.00,27.00,-0.01,0.01
3153237,27.00,0.14,-0.27,28.00,-0.20,-0.71,27.00,-0.01,-0.05
3153297,27.00,0.15,-0.28,28.00,0.18,-0.30,27.00,-0.01,-0.00
3153357,27.00,0.10,-0.17,28.00,0.70,-0.56,27.00,-0.04,-0.04
3153418,27.00,-0.08,-0.31,28.00,1.38,-0.48,27.00,-0.04,-0.06
3153478,27.00,0.01,-0.20,28.00,2.35,-0.58,27.00,0.01,-0.04
3153538,27.00,0.10,-0.19,28.00,2.78,0.29,27.00,0.02,-0.03
3153598,27.00,-0.12,-0.11,28.00,2.64,-0.32,27.00,-0.10,-0.01
3153658,27.00,-0.02,-0.21,28.00,3.29,-0.52,27.00,-0.07,-0.02
3153718,27.00,-0.05,-0.25,28.00,3.52,-0.27,27.00,-0.01,-0.05
3153778,27.00,0.05,-0.12,28.00,3.51,-0.22,27.00,0.01,0.04
3153838,27.00,0.17,-0.26,28.00,3.93,-0.18,27.00,0.05,-0.10
3153899,27.00,0.05,-0.10,28.00,3.99,-0.49,27.00,-0.04,-0.06
3153959,27.00,-0.04,-0.05,28.00,3.73,-0.58,27.00,-0.04,-0.07
3154019,27.00,0.04,-0.15,28.00,3.70,-0.42,27.00,0.04,0.01
3154079,27.00,-0.05,-0.20,28.00,3.41,-0.17,27.00,0.02,0.00
3154139,27.00,-0.14,-0.27,28.00,3.20,-0.00,27.00,-0.02,-0.08
3154199,27.00,-0.20,-0.28,28.00,2.79,-0.01,27.00,-0.04,-0.07
3154259,27.00,0.07,-0.30,28.00,2.37,0.21,27.00,0.01,-0.03
3154320,27.00,-0.05,-0.25,28.00,1.81,0.44,27.00,-0.01,-0.03
3154380,27.00,-0.10,-0.06,28.00,1.15,0.15,27.00,-0.04,0.00
3154440,27.00,0.01,-0.11,28.00,0.99,0.48,27.00,-0.04,-0.05
3154500,27.00,-0.11,-0.21,28.00,0.26,-0.61,27.00,0.01,-0.04
3154560,27.00,0.07,-0.23,28.00,-0.56,-0.38,27.00,-0.07,-0.06
3154620,27.00,0.18,-0.12,28.00,-1.03,-0.32,27.00,-0.02,-0.05
3154680,27.00,0.12,-0.23,28.00,-1.47,-0.64,27.00,-0.05,-0.10
3154741,27.00,0.11,-0.22,28.00,-2.07,0.29,27.00,-0.07,-0.13
3154801,27.00,-0.08,-0.18,28.00,-2.62,-0.01,27.00,-0.10,-0.03
3154861,27.00,0.05,-0.01,28.00,-3.19,-0.08,27.00,-0.04,0.01
3154921,27.00,-0.01,-0.10,28.00,-3.13,-0.00,27.00,-0.01,-0.11
3154981,27.00,-0.14,-0.52,28.00,-3.49,-0.34,27.00,-0.04,-0.06
3155041,27.00,0.07,-0.24,28.00,-3.76,0.00,27.00,0.01,-0.04
3155101,27.00,0.07,-0.12,28.00,-3.86,-0.51,27.00,-0.04,0.03
3155161,27.00,0.02,-0.31,28.00,-3.68,-0.01,27.00,-0.08,-0.03
3155222,27.00,0.02,-0.15,28.00,-3.83,-0.48,27.00,-0.01,-0.04
3155282,27.00,-0.02,-0.32,28.00,-3.52,-0.38,27.00,-0.02,-0.03
3155342,27.00,0.05,-0.22,28.00,-3.10,-0.69,27.00,0.08,-0.00
3155402,27.00,0.02,0.02,28.00,-3.13,-0.65,27.00,-0.08,-0.06
3155462,27.00,0.05,-0.22,28.00,-2.62,-0.55,27.00,0.02,0.01
3155522,27.00,0.04,0.10,28.00,-2.25,-0.07,27.00,0.08,-0.05
3155582,27.00,0.05,-0.10,28.00,-1.90,-0.58,27.00,-0.01,-0.00
3155642,27.00,-0.01,-0.41,28.00,-1.14,-0.29,27.00,-0.02,-0.09
3155703,27.00,-0.05,-0.18,28.00,-0.42,-0.77,27.00,0.04,0.08
3155763,27.00,-0.17,-0.26,28.00,-0.01,-0.73,27.00,0.02,0.04
3155823,27.00,0.04,-0.17,28.00,0.74,-0.22,27.00,0.02,-0.02
3155883,27.00,-0.11,-0.19,28.00,1.21,0.19,27.00,0.01,-0.04
3155943,27.00,0.05,-0.17,28.00,1.47,-0.15,27.00,-0.01,-0.07
3156003,27.00,-0.08,-0.22,28.00,2.12,-0.45,27.00,0.07,-0.04
3156063,27.00,-0.04,-0.11,28.00,2.64,-0.22,27.00,-0.01,0.00
3156124,27.00,-0.05,-0.44,28.00,2.95,0.00,27.00,-0.08,0.00
3156184,27.00,0.07,-0.15,28.00,3.29,-0.23,27.00,-0.01,-0.06
3156244,27.00,-0.02,-0.17,28.00,3.66,0.34,27.00,-0.01,-0.01
3156304,27.00,-0.02,-0.26,28.00,4.01,0.29,27.00,-0.05,-0.02
3156364,27.00,0.05,-0.27,28.00,3.66,0.01,27.00,0.01,-0.07
3156424,27.00,-0.18,-0.28,28.00,3.73,-0.04,27.00,-0.10,-0.05
3156484,27.00,0.12,-0.15,28.00,3.70,-0.19,27.00,-0.05,-0.01
3156545,27.00,-0.08,-0.25,28.00,3.52,-0.23,27.00,-0.05,-0.02
3156605,27.00,-0.12,-0.28,28.00,3.36,-0.03,27.00,-0.05,-0.12
3156665,27.00,-0.12,-0.20,28.00,3.19,-0.24,27.00,0.04,0.00
3156725,27.00,0.05,-0.24,28.00,2.21,-0.22,27.00,-0.02,-0.03
3156785,27.00,-0.07,-0.16,28.00,1.99,-0.19,27.00,-0.02,0.01
3156845,27.00,-0.10,-0.22,28.00,1.52,-0.33,27.00,0.04,-0.02
3156905,27.00,-0.01,-0.20,28.00,0.65,0.56,27.00,0.01,-0.00
3156965,27.00,0.02,-0.07,28.00,0.34,0.19,27.00,-0.07,-0.00
3157026,27.00,0.01,-0.15,28.00,-0.20,-0.19,27.00,0.02,0.00
3157086,27.00,0.01,-0.14,28.00,-0.68,-0.41,27.00,0.10,-0.07
3157146,27.00,0.07,-0.25,28.00,-1.60,0.43,27.00,-0.01,-0.03
3157206,27.00,0.07,-0.00,28.00,-1.87,0.08,27.00,-0.02,-0.05
3157266,27.00,0.07,-0.14,28.00,-2.21,0.10,27.00,-0.01,-0.03
3157326,27.00,-0.08,-0.17,28.00,-2.70,-0.01,27.00,-0.01,-0.06
3157386,27.00,-0.04,-0.24,28.00,-3.35,0.05,27.00,-0.05,0.04
3157447,27.00,0.01,-0.13,28.00,-3.27,-0.06,27.00,-0.01,0.02
3157507,27.00,-0.07,-0.18,28.00,-3.55,0.06,27.00,-0.07,-0.03
3157567,27.00,-0.08,-0.14,28.00,-3.58,-0.36,27.00,-0.01,-0.04
3157627,27.00,-0.08,-0.24,28.00,-3.88,-0.39,27.00,-0.04,0.03
3157687,27.00,0.01,-0.22,28.00,-3.74,-0.15,27.00,0.01,-0.00
3157747,27.00,-0.10,-0.23,28.00,-3.85,-0.65,27.00,-0.01,-0.04
3157807,27.00,0.15,-0.36,28.00,-3.49,-0.22,27.00,0.10,-0.01
3157867,27.00,0.05,-0.08,28.00,-3.07,0.01,27.00,0.05,0.05
3157928,27.00,-0.04,-0.30,28.00,-2.89,-0.54,27.00,0.05,-0.06
3157988,27.00,-0.07,-0.21,28.00,-2.40,-0.47,27.00,0.10,-0.00
3158048,27.00,0.05,-0.09,28.00,-1.88,-0.37,27.00,-0.05,-0.09
3158108,27.00,-0.18,-0.29,28.00,-1.37,-0.37,27.00,-0.10,-0.07
3158168,27.00,0.05,-0.21,28.00,-0.97,-0.29,27.00,-0.02,-0.05
3158228,27.00,0.02,-0.10,28.00,-0.33,-0.48,27.00,-0.02,-0.02
3158288,27.00,0.02,-0.25,28.00,0.18,-0.03,27.00,-0.02,-0.05
3158349,27.00,0.12,-0.02,28.00,0.68,-0.39,27.00,-0.04,-0.02
3158409,27.00,0.07,-0.10,28.00,1.46,-0.19,27.00,-0.01,-0.09
3158469,27.00,0.01,-0.26,28.00,1.85,0.06,27.00,-0.05,-0.05
3158529,27.00,-0.04,-0.11,28.00,2.34,0.31,27.00,-0.02,-0.06
3158589,27.00,0.17,-0.23,28.00,2.78,0.06,27.00,-0.04,-0.05
3158649,27.00,-0.05,-0.16,28.00,3.04,0.30,27.00,-0.02,0.08
3158709,27.00,0.10,-0.16,28.00,3.68,-0.03,27.00,0.01,-0.03
3158769,27.00,0.01,-0.32,28.00,3.61,0.43,27.00,0.07,-0.00
3158830,27.00,0.08,-0.29,28.00,3.80,-0.52,27.00,0.04,-0.03
3158890,27.00,-0.08,-0.40,28.00,3.92,0.34,27.00,0.01,-0.03
3158950,27.00,0.08,-0.17,28.00,4.14,-0.14,27.00,0.05,-0.04
3159010,27.00,-0.05,-0.13,28.00,3.66,0.29,27.00,0.02,-0.05
3159070,27.00,-0.14,-0.18,28.00,3.66,-0.02,27.00,0.04,-0.06
3159130,27.00,0.05,-0.22,28.00,3.01,0.06,27.00,-0.04,-0.03
3159190,27.00,-0.10,-0.12,28.00,2.70,-0.07,27.00,-0.04,-0.04
3159251,27.00,0.01,-0.12,28.00,2.28,0.62,27.00,-0.07,-0.00
3159311,27.00,0.08,-0.14,28.00,1.59,-0.18,27.00,-0.04,-0.14
3159371,27.00,-0.11,-0.16,28.00,1.28,0.20,27.00,-0.07,-0.09
3159431,27.00,0.01,-0.19,28.00,0.65,0.24,27.00,-0.01,-0.01
3159491,27.00,-0.10,-0.19,28.00,0.15,0.22,27.00,-0.01,0.02
3159551,27.00,0.01,-0.35,28.00,-0.32,-0.03,27.00,-0.08,-0.07
3159611,27.00,-0.04,-0.01,28.00,-1.09,0.48,27.00,0.01,-0.03
3159671,27.00,-0.05,-0.12,28.00,-1.53,0.23,27.00,-0.07,0.00
3159732,27.00,-0.08,-0.32,28.00,-1.96,-0.07,27.00,0.02,-0.07
3159792,27.00,-0.18,-0.28,28.00,-2.70,0.29,27.00,-0.02,-0.07
3159852,27.00,0.12,-0.16,28.00,-2.94,-0.38,27.00,0.04,-0.02
3159912,27.00,-0.10,-0.15,28.00,-3.19,-0.14,27.00,-0.05,-0.05
3159972,27.00,-0.01,-0.40,28.00,-3.54,-0.05,27.00,-0.05,-0.01
3160032,27.00,0.15,-0.05,28.00,-3.74,-0.37,27.00,-0.01,-0.02
3160092,27.00,-0.11,-0.16,28.00,-3.79,-0.68,27.00,0.01,-0.07
3160153,27.00,0.04,-0.23,28.00,-4.02,-0.30,27.00,-0.02,0.02
3160213,27.00,0.23,-0.15,28.00,-4.14,-0.13,27.00,-0.04,0.02
3160273,27.00,0.12,-0.29,28.00,-3.60,-0.00,27.00,-0.04,-0.03
3160333,27.00,0.01,-0.16,28.00,-3.58,0.40,27.00,-0.05,-0.02
3160393,27.00,-0.04,-0.20,28.00,-3.05,0.05,27.00,-0.01,0.03
3160453,27.00,0.05,-0.15,28.00,-2.73,-0.20,27.00,-0.04,-0.00
3160513,27.00,0.04,-0.27,28.00,-2.03,-0.47,27.00,-0.02,0.00
3160573,27.00,-0.07,-0.14,28.00,-1.63,-0.38,27.00,-0.01,0.00
3160634,27.00,0.17,0.00,28.00,-1.12,-0.38,27.00,0.04,-0.07
3160694,27.00,-0.10,-0.36,28.00,-0.58,-0.28,27.00,-0.05,-0.00
3160754,27.00,-0.07,-0.07,28.00,-0.10,-0.45,27.00,0.02,-0.02
3160814,27.00,0.05,-0.01,28.00,0.59,-0.22,27.00,-0.07,-0.07
3160874,27.00,0.01,-0.25,28.00,1.09,0.07,27.00,0.04,0.00
3160934,27.00,0.04,-0.19,28.00,1.58,-0.20,27.00,0.02,0.01
3160994,27.00,-0.10,-0.28,28.00,2.16,0.21,27.00,0.02,0.01
3161055,27.00,0.02,-0.36,28.00,2.69,0.03,27.00,0.04,0.01
3161115,27.00,-0.04,-0.21,28.00,3.17,-0.40,27.00,0.01,-0.00
3161175,27.00,-0.08,-0.07,28.00,3.47,0.15,27.00,0.04,-0.00
3161235,27.00,-0.05,-0.02,28.00,3.60,-0.43,27.00,0.05,-0.03
3161295,27.00,0.01,-0.23,28.00,3.45,-0.36,27.00,-0.02,-0.07
3161355,27.00,0.07,-0.13,28.00,3.99,-0.51,27.00,-0.08,-0.07
3161415,27.00,0.01,0.01,28.00,3.95,-0.12,27.00,-0.08,0.04
3161476,27.00,0.05,-0.44,28.00,3.77,0.16,27.00,-0.02,-0.04
3161536,27.00,0.01,-0.12,28.00,3.48,0.15,27.00,-0.01,-0.06
3161596,27.00,0.17,-0.25,28.00,3.11,0.09,27.00,-0.01,-0.08
3161656,27.00,0.05,-0.09,28.00,2.95,-0.08,27.00,-0.02,-0.06
3161716,27.00,-0.30,-0.16,28.00,2.95,-0.44,27.00,0.08,-0.02
3161776,27.00,0.01,-0.10,28.00,2.04,0.27,27.00,-0.04,-0.05
3161836,27.00,-0.01,-0.13,28.00,1.62,0.35,27.00,-0.04,-0.06
3161896,27.00,-0.01,-0.15,28.00,1.11,0.10,27.00,0.05,-0.01
3161957,27.00,-0.01,-0.35,28.00,0.61,0.64,27.00,-0.05,-0.10
3162017,27.00,-0.17,-0.18,28.00,0.12,-0.24,27.00,-0.01,-0.07
3162077,27.00,0.04,-0.11,28.00,-0.81,0.20,27.00,0.02,-0.02
3162137,27.00,-0.01,-0.20,28.00,-1.08,-0.74,27.00,-0.01,0.05
3162197,27.00,0.04,-0.29,28.00,-1.66,-0.40,27.00,-0.05,-0.04
3162257,27.00,-0.04,-0.13,28.00,-2.38,-0.06,27.00,0.02,-0.02
3162317,27.00,0.07,-0.09,28.00,-2.94,-0.37,27.00,-0.08,-0.01
3162378,27.00,-0.01,-0.25,28.00,-3.17,-0.64,27.00,0.02,-0.10
3162438,27.00,-0.07,-0.11,28.00,-3.55,-0.13,27.00,-0.01,0.00
3162498,27.00,-0.10,-0.22,28.00,-3.55,0.06,27.00,-0.04,-0.05
3162558,27.00,0.17,-0.15,28.00,-3.64,-0.20,27.00,-0.12,-0.03
3162618,27.00,-0.17,-0.27,28.00,-3.85,-0.44,27.00,-0.07,-0.06
3162678,27.00,0.17,-0.12,28.00,-3.88,-0.49,27.00,0.02,-0.07
3162738,27.00,0.14,-0.33,28.00,-3.55,0.05,27.00,0.02,0.00
3162798,27.00,0.11,-0.24,28.00,-3.58,-0.21,27.00,-0.02,0.01
3162859,27.00,-0.10,-0.26,28.00,-3.36,-0.47,27.00,-0.07,-0.00
3162919,27.00,0.07,-0.12,28.00,-2.92,-0.35,27.00,0.02,-0.03
3162979,27.00,-0.11,-0.23,28.00,-2.40,-0.63,27.00,0.01,0.00
3163039,27.00,-0.14,-0.28,28.00,-2.15,-0.57,27.00,0.05,0.04
3163099,27.00,0.14,-0.19,28.00,-1.46,-0.45,27.00,-0.04,-0.02
3163159,27.00,-0.05,-0.20,28.00,-1.15,-0.60,27.00,-0.01,0.05
3163219,27.00,-0.05,-0.11,28.00,-0.24,-0.58,27.00,-0.04,-0.00
3163280,27.00,-0.02,-0.22,28.00,0.02,-0.08,27.00,-0.01,-0.01
3163340,27.00,-0.12,-0.16,28.00,0.86,-0.31,27.00,0.04,-0.07
3163400,27.00,0.11,-0.18,28.00,1.21,-0.35,27.00,0.01,0.02
3163460,27.00,-0.02,-0.19,28.00,1.77,-0.11,27.00,-0.02,-0.10
3163520,27.00,-0.10,-0.10,28.00,2.53,0.05,27.00,-0.01,0.01
3163580,27.00,0.02,-0.23,28.00,2.75,0.08,27.00,-0.02,-0.03
3163640,27.00,-0.07,-0.25,28.00,3.17,-0.43,27.00,0.01,0.09
3163700,27.00,-0.01,-0.07,28.00,3.35,-0.44,27.00,0.08,0.03
3163761,27.00,-0.04,-0.10,28.00,3.60,-0.15,27.00,-0.01,-0.08
3163821,27.00,0.08,-0.12,28.00,3.38,-0.30,27.00,0.02,-0.02
3163881,27.00,-0.01,-0.17,28.00,3.77,-0.22,27.00,-0.01,-0.07
3163941,27.00,-0.08,-0.09,28.00,3.86,-0.03,27.00,-0.04,0.00
3164001,27.00,-0.05,-0.28,28.00,3.68,-0.21,27.00,-0.01,0.00
3164061,27.00,0.10,-0.18,28.00,3.67,0.07,27.00,-0.10,-0.01
3164121,27.00,-0.12,-0.16,28.00,3.01,0.10,27.00,0.07,-0.09
3164182,27.00,-0.02,-0.28,28.00,2.82,-0.01,27.00,-0.01,0.00
3164242,27.00,0.07,-0.32,28.00,2.26,-0.34,27.00,-0.08,-0.10
3164302,27.00,-0.01,-0.09,28.00,2.23,-0.21,27.00,0.01,0.00
3164362,27.00,-0.01,-0.16,28.00,1.44,0.03,27.00,-0.01,-0.02
3164422,27.00,0.04,-0.15,28.00,0.99,-0.52,27.00,0.01,0.02
3164482,27.00,0.05,-0.15,28.00,0.34,0.11,27.00,0.01,-0.02
3164542,27.00,-0.01,-0.14,28.00,-0.21,-0.51,27.00,0.04,-0.08
3164602,27.00,0.07,-0.22,28.00,-0.97,-0.18,27.00,-0.01,0.03
3164663,27.00,-0.05,-0.16,28.00,-1.33,-0.23,27.00,0.01,-0.00
3164723,27.00,0.01,-0.23,28.00,-1.88,-0.30,27.00,-0.01,-0.07
3164783,27.00,-0.01,-0.25,28.00,-2.44,-0.30,27.00,-0.05,-0.02
3164843,27.00,-0.18,-0.22,28.00,-3.30,-0.00,27.00,-0.02,-0.02
3164903,27.00,0.14,-0.21,28.00,-3.58,-0.37,27.00,-0.04,-0.05
3164963,27.00,-0.14,-0.23,28.00,-3.51,-0.71,27.00,0.07,-0.02
3165023,27.00,0.08,-0.19,28.00,-3.57,-0.51,27.00,0.01,0.03
3165084,27.00,-0.07,-0.13,28.00,-3.79,-0.23,27.00,-0.08,0.07
3165144,27.00,0.02,-0.29,28.00,-3.90,-0.30,27.00,-0.01,-0.06
3165204,27.00,0.01,-0.29,28.00,-3.82,-0.46,27.00,0.02,0.05
3165264,27.00,-0.12,-0.25,28.00,-3.82,-0.53,27.00,0.02,-0.03
3165324,27.00,-0.18,-0.41,28.00,-3.42,-0.44,27.00,0.04,0.02
3165384,27.00,-0.07,-0.22,28.00,-3.23,0.17,27.00,-0.04,-0.02
3165444,27.00,0.08,-0.16,28.00,-2.91,-0.36,27.00,-0.01,-0.07
3165504,27.00,-0.02,0.07,28.00,-2.16,-0.80,27.00,-0.07,0.03
3165565,27.00,-0.05,-0.15,28.00,-2.04,-0.49,27.00,-0.04,-0.05
3165625,27.00,-0.05,-0.28,28.00,-1.22,-0.77,27.00,-0.07,0.01
3165685,27.00,-0.07,-0.25,28.00,-0.59,-0.95,27.00,-0.04,-0.07
3165745,27.00,-0.10,-0.12,28.00,-0.08,-0.65,27.00,-0.01,0.03
3165805,27.00,0.02,-0.23,28.00,0.46,-0.40,27.00,0.01,0.07
3165865,27.00,0.04,-0.19,28.00,0.92,0.16,27.00,-0.04,-0.05
3165925,27.00,0.08,-0.09,28.00,1.55,-0.07,27.00,-0.04,0.07
3165986,27.00,-0.07,-0.35,28.00,2.09,-0.28,27.00,0.10,-0.07
3166046,27.00,0.01,-0.26,28.00,2.69,-0.28,27.00,-0.05,-0.09
3166106,27.00,-0.07,-0.25,28.00,3.07,-0.10,27.00,-0.05,-0.01
3166166,27.00,-0.02,-0.16,28.00,3.38,0.12,27.00,-0.01,-0.07
3166226,27.00,-0.24,-0.27,28.00,3.41,0.50,27.00,-0.04,0.02
3166286,27.00,0.10,0.00,28.00,3.66,0.19,27.00,-0.01,0.00
3166346,27.00,0.08,-0.26,28.00,3.70,0.07,27.00,0.02,-0.03
3166406,27.00,0.02,-0.26,28.00,3.79,0.10,27.00,0.01,-0.09
3166467,27.00,0.02,-0.22,28.00,3.90,-0.00,27.00,-0.02,0.03
3166527,27.00,0.08,-0.10,28.00,3.25,0.61,27.00,-0.05,0.00
3166587,27.00,0.08,-0.14,28.00,3.41,-0.06,27.00,0.02,-0.06
3166647,27.00,-0.10,-0.14,28.00,2.95,-0.28,27.00,-0.07,-0.10
3166707,27.00,-0.18,-0.27,28.00,2.54,0.36,27.00,0.04,-0.05
3166767,27.00,-0.01,-0.21,28.00,2.04,-0.36,27.00,-0.01,-0.07
3166827,27.00,-0.01,-0.15,28.00,1.62,0.04,27.00,-0.08,0.01
3166888,27.00,-0.04,-0.16,28.00,1.08,-0.28,27.00,0.04,-0.05
3166948,27.00,0.04,-0.16,28.00,0.70,0.12,27.00,-0.07,-0.10
3167008,27.00,-0.01,-0.21,28.00,0.15,-0.26,27.00,-0.08,0.01
3167068,27.00,0.02,-0.15,28.00,-0.62,-0.57,27.00,0.07,-0.01
3167128,27.00,-0.01,-0.07,28.00,-1.11,0.50,27.00,-0.02,-0.02
3167188,27.00,-0.01,-0.16,28.00,-1.74,0.11,27.00,0.01,-0.01
3167248,27.00,-0.10,-0.28,28.00,-2.06,0.00,27.00,0.10,-0.03
3167309,27.00,-0.02,-0.20,28.00,-2.67,-0.28,27.00,-0.05,-0.04
3167369,27.00,0.02,-0.10,28.00,-3.10,-0.04,27.00,-0.02,-0.08
3167429,27.00,0.02,-0.20,28.00,-3.57,-0.08,27.00,-0.02,-0.08
3167489,27.00,-0.05,-0.16,28.00,-3.80,-0.11,27.00,0.07,0.07
3167549,27.00,0.02,-0.13,28.00,-3.54,-0.45,27.00,0.01,-0.07
3167609,27.00,-0.02,-0.09,28.00,-3.99,-0.34,27.00,-0.02,-0.04
3167669,27.00,0.14,-0.09,28.00,-3.70,-0.14,27.00,-0.07,-0.06
3167729,27.00,0.07,-0.25,28.00,-3.77,-0.47,27.00,0.02,-0.04
3167790,27.00,0.02,-0.15,28.00,-3.45,-0.61,27.00,-0.04,-0.08
3167850,27.00,-0.10,-0.33,28.00,-3.32,-0.23,27.00,0.04,0.00
3167910,27.00,0.05,-0.23,28.00,-2.98,-0.14,27.00,0.02,-0.05
3167970,27.00,-0.01,-0.18,28.00,-2.48,-0.13,27.00,0.01,0.01
3168030,27.00,0.01,-0.25,28.00,-2.13,-0.61,27.00,-0.01,-0.03
3168090,27.00,0.02,-0.09,28.00,-1.50,-0.28,27.00,-0.02,0.01
3168150,27.00,-0.11,-0.39,28.00,-0.90,-0.45,27.00,-0.04,-0.03
3168211,27.00,0.02,-0.24,28.00,-0.73,-0.51,27.00,-0.05,-0.07
3168271,27.00,0.07,-0.27,28.00,0.12,-0.24,27.00,0.02,-0.06
3168331,27.00,-0.02,-0.22,28.00,0.67,0.07,27.00,0.04,-0.06
3168391,27.00,0.08,-0.02,28.00,1.24,-0.22,27.00,0.05,-0.05
3168451,27.00,0.07,-0.26,28.00,1.81,-0.29,27.00,-0.05,0.03
3168511,27.00,0.05,-0.24,28.00,2.06,0.23,27.00,0.01,0.01
3168571,27.00,-0.15,-0.20,28.00,2.66,-0.28,27.00,-0.02,-0.00
3168631,27.00,0.04,-0.30,28.00,3.00,-0.08,27.00,-0.01,0.02
3168692,27.00,0.17,-0.32,28.00,3.20,-0.14,27.00,-0.02,-0.03
3168752,27.00,-0.04,-0.19,28.00,3.90,-0.31,27.00,0.02,0.05
3168812,27.00,-0.01,-0.20,28.00,3.73,0.00,27.00,0.05,0.03
3168872,27.00,-0.07,-0.37,28.00,3.76,0.16,27.00,-0.02,-0.05
3168932,27.00,-0.07,-0.36,28.00,3.93,-0.38,27.00,-0.04,-0.06
3168992,27.00,-0.01,-0.19,28.00,3.68,0.54,27.00,0.04,-0.03
3169052,27.00,-0.02,-0.17,28.00,3.47,0.08,27.00,-0.02,-0.09
3169113,27.00,0.08,-0.26,28.00,3.36,0.29,27.00,-0.04,-0.08
3169173,27.00,-0.23,-0.30,28.00,2.76,0.04,27.00,-0.05,-0.10
3169233,27.00,0.08,-0.21,28.00,2.38,0.39,27.00,0.01,-0.02
3169293,27.00,-0.05,-0.09,28.00,1.79,0.18,27.00,0.02,-0.15
3169353,27.00,0.05,-0.11,28.00,1.60,0.44,27.00,-0.02,-0.12
3169413,27.00,0.10,-0.21,28.00,0.93,0.29,27.00,-0.02,-0.06
3169473,27.00,0.02,-0.19,28.00,0.55,-0.07,27.00,-0.04,-0.07
3169533,27.00,-0.05,-0.22,28.00,-0.39,-0.21,27.00,-0.01,0.07
3169594,27.00,-0.05,-0.22,28.00,-0.74,0.15,27.00,-0.05,-0.01
3169654,27.00,-0.08,-0.20,28.00,-1.56,0.09,27.00,-0.08,-0.03
3169714,27.00,-0.10,-0.20,28.00,-1.81,-0.19,27.00,0.01,-0.09
3169774,27.00,0.05,-0.41,28.00,-2.57,-0.27,27.00,0.01,-0.13
3169834,27.00,-0.08,-0.28,28.00,-2.60,-0.51,27.00,-0.01,-0.03
3169894,27.00,-0.08,-0.29,28.00,-3.22,-0.54,27.00,0.05,0.02
3169954,27.00,-0.11,-0.15,28.00,-3.68,-0.15,27.00,-0.07,-0.06
3170015,27.00,-0.10,-0.36,28.00,-3.63,-0.57,27.00,-0.02,-0.06
3170075,27.00,-0.05,-0.29,28.00,-3.76,-0.54,27.00,0.04,0.02
3170135,27.00,-0.02,-0.20,28.00,-3.80,-0.37,27.00,0.01,-0.07
3170195,27.00,-0.14,-0.19,28.00,-4.10,-0.16,27.00,-0.01,-0.00
3170255,27.00,-0.04,-0.15,28.00,-3.85,-0.13,27.00,0.01,-0.09
3170315,27.00,-0.10,-0.25,28.00,-3.52,0.09,27.00,-0.02,0.03
3170375,27.00,0.30,-0.08,28.00,-2.95,-0.47,27.00,-0.04,-0.04
3170435,27.00,0.02,-0.15,28.00,-2.97,-0.46,27.00,-0.02,0.04
3170496,27.00,-0.01,-0.07,28.00,-2.47,-0.48,27.00,-0.01,-0.05
3170556,27.00,-0.02,-0.15,28.00,-1.59,-0.55,27.00,-0.02,0.02
3170616,27.00,-0.01,-0.38,28.00,-1.22,-0.25,27.00,0.01,0.06
3170676,27.00,-0.08,-0.25,28.00,-0.62,-0.32,27.00,-0.08,-0.10
3170736,27.00,-0.01,-0.27,28.00,-0.27,-0.80,27.00,-0.04,-0.02
3170796,27.00,-0.10,-0.19,28.00,0.26,-0.29,27.00,0.02,-0.01
3170856,27.00,0.10,-0.41,28.00,0.87,-0.45,27.00,-0.02,0.00
3170917,27.00,0.01,-0.22,28.00,1.59,-0.36,27.00,-0.04,-0.09
3170977,27.00,0.15,-0.07,28.00,2.04,0.11,27.00,0.04,-0.08
3171037,27.00,-0.05,-0.23,28.00,2.57,0.33,27.00,0.01,-0.03
3171097,27.00,0.01,-0.26,28.00,3.04,-0.36,27.00,-0.01,0.01
3171157,27.00,-0.12,-0.40,28.00,3.49,-0.24,27.00,0.01,0.05
3171217,27.00,0.01,-0.32,28.00,3.51,-0.04,27.00,0.01,-0.07
3171277,27.00,0.07,-0.15,28.00,3.64,-0.36,27.00,-0.07,-0.07
3171337,27.00,0.02,-0.19,28.00,3.54,0.14,27.00,0.04,-0.06
3171398,27.00,-0.17,-0.05,28.00,3.99,0.03,27.00,-0.02,-0.00
3171458,27.00,-0.08,-0.05,28.00,3.80,-0.13,27.00,0.05,0.00
3171518,27.00,-0.11,-0.34,28.00,3.83,-0.20,27.00,-0.02,-0.02
3171578,27.00,0.02,-0.20,28.00,3.33,0.12,27.00,-0.02,-0.07
3171638,27.00,0.01,-0.21,28.00,2.92,0.10,27.00,-0.01,-0.14
3171698,27.00,0.10,-0.32,28.00,2.56,-0.29,27.00,-0.02,0.02
3171758,27.00,-0.01,-0.36,28.00,2.07,-0.27,27.00,-0.02,-0.05
3171819,27.00,0.02,-0.26,28.00,1.69,0.17,27.00,-0.08,-0.06
3171879,27.00,0.04,-0.14,28.00,1.40,0.15,27.00,0.05,-0.07
3171939,27.00,-0.01,-0.22,28.00,0.74,0.41,27.00,-0.01,-0.09
3171999,27.00,-0.05,-0.04,28.00,0.04,0.00,27.00,0.10,0.00
3172059,27.00,0.20,-0.07,28.00,-0.73,-0.36,27.00,-0.01,0.00
3172119,27.00,0.04,-0.18,28.00,-1.05,-0.44,27.00,-0.05,-0.04
3172179,27.00,0.01,-0.19,28.00,-1.52,-0.86,27.00,-0.01,0.01
3172240,27.00,0.04,-0.14,28.00,-2.18,-0.21,27.00,-0.01,-0.07
3172300,27.00,-0.07,-0.23,28.00,-2.57,-0.15,27.00,-0.02,-0.08
3172360,27.00,-0.15,-0.22,28.00,-3.14,-0.33,27.00,-0.01,-0.05
3172420,27.00,0.10,0.02,28.00,-3.38,-0.26,27.00,-0.02,-0.21
3172480,27.00,-0.14,-0.15,28.00,-3.57,-0.16,27.00,-0.07,-0.01
3172540,27.00,0.12,-0.15,28.00,-4.01,-0.59,27.00,-0.01,-0.00
3172600,27.00,0.04,-0.20,28.00,-4.15,-0.51,27.00,0.02,-0.04
3172660,27.00,-0.05,-0.36,28.00,-3.68,-0.48,27.00,-0.11,-0.07
3172721,27.00,-0.11,-0.24,28.00,-3.71,-0.48,27.00,-0.01,-0.05
3172781,27.00,-0.04,-0.07,28.00,-3.58,-0.58,27.00,-0.10,0.03
3172841,27.00,0.04,-0.11,28.00,-3.23,-0.51,27.00,-0.01,-0.00
3172901,27.00,-0.01,-0.21,28.00,-2.92,-0.41,27.00,-0.07,0.06
3172961,27.00,-0.08,-0.40,28.00,-2.92,-0.58,27.00,-0.02,-0.00
3173021,27.00,0.05,-0.10,28.00,-2.21,-0.27,27.00,-0.01,-0.00
3173081,27.00,-0.04,-0.17,28.00,-1.53,-0.60,27.00,-0.01,-0.07
3173142,27.00,-0.11,-0.22,28.00,-1.12,-0.28,27.00,-0.02,-0.01
3173202,27.00,0.11,-0.22,28.00,-0.52,-0.65,27.00,0.05,0.00
3173262,27.00,-0.07,-0.39,28.00,0.12,-0.64,27.00,-0.01,-0.10
3173322,27.00,-0.02,-0.01,28.00,0.46,-0.44,27.00,0.05,-0.08
3173382,27.00,0.14,-0.38,28.00,0.99,0.33,27.00,-0.04,-0.06
3173442,27.00,-0.01,-0.04,28.00,1.77,-0.16,27.00,0.02,-0.02
3173502,27.00,-0.01,-0.26,28.00,2.22,0.07,27.00,0.01,-0.04
3173562,27.00,0.05,-0.18,28.00,2.47,0.44,27.00,0.01,0.02
3173623,27.00,-0.02,-0.00,28.00,3.19,0.00,27.00,0.04,-0.03
3173683,27.00,0.02,-0.26,28.00,3.32,-0.63,27.00,-0.02,-0.02
3173743,27.00,0.08,-0.12,28.00,3.90,0.36,27.00,0.02,-0.01
3173803,27.00,0.14,-0.18,28.00,3.66,-0.12,27.00,-0.11,-0.03
3173863,27.00,-0.10,-0.43,28.00,3.76,-0.30,27.00,-0.10,-0.10
3173923,27.00,-0.07,-0.34,28.00,3.44,0.26,27.00,0.02,-0.05
3173983,27.00,0.01,-0.35,28.00,3.57,-0.17,27.00,0.01,-0.01
3174044,27.00,-0.20,-0.36,28.00,3.58,-0.71,27.00,-0.04,-0.04
3174104,27.00,-0.11,-0.15,28.00,3.20,-0.15,27.00,-0.01,-0.08
3174164,27.00,0.02,-0.37,28.00,3.13,-0.41,27.00,0.02,-0.07
3174224,27.00,-0.04,-0.13,28.00,2.60,0.41,27.00,0.02,-0.08
3174284,27.00,0.08,-0.14,28.00,2.00,-0.16,27.00,-0.08,-0.03
3174344,27.00,0.08,-0.13,28.00,1.65,-0.26,27.00,-0.07,0.02
3174404,27.00,0.11,-0.35,28.00,0.92,-0.60,27.00,0.10,-0.00
3174464,27.00,-0.10,-0.09,28.00,0.45,-0.21,27.00,0.01,-0.06
3174525,27.00,-0.07,-0.24,28.00,0.07,-0.03,27.00,-0.01,-0.07
3174585,27.00,-0.15,-0.26,28.00,-0.68,0.08,27.00,0.01,-0.02
3174645,27.00,-0.07,-0.10,28.00,-1.69,-0.01,27.00,0.02,-0.04
3174705,27.00,0.07,-0.19,28.00,-1.87,0.32,27.00,-0.02,-0.03
3174765,27.00,-0.11,-0.13,28.00,-2.22,0.15,27.00,-0.01,-0.06
3174825,27.00,0.02,-0.28,28.00,-2.67,0.05,27.00,-0.04,-0.03
3174885,27.00,-0.04,-0.24,28.00,-3.33,-0.01,27.00,-0.01,0.00
3174946,27.00,-0.14,-0.19,28.00,-3.38,-0.11,27.00,-0.04,-0.01
3175006,27.00,0.02,-0.20,28.00,-3.80,-0.01,27.00,0.11,-0.03
3175066,27.00,-0.05,-0.18,28.00,-3.76,-0.28,27.00,-0.04,-0.06
3175126,27.00,-0.11,-0.19,28.00,-3.85,-0.25,27.00,0.02,0.07
3175186,27.00,-0.10,-0.29,28.00,-3.64,-0.08,27.00,0.05,0.03
3175246,27.00,0.23,-0.15,28.00,-3.71,-0.79,27.00,-0.07,-0.09
3175306,27.00,0.02,-0.22,28.00,-3.41,-0.54,27.00,0.11,0.03
3175366,27.00,0.12,-0.18,28.00,-3.42,-0.31,27.00,-0.07,-0.03
3175427,27.00,0.15,-0.29,28.00,-3.03,-0.54,27.00,-0.02,-0.07
3175487,27.00,0.17,-0.19,28.00,-2.67,-0.58,27.00,-0.02,-0.01
3175547,27.00,-0.10,-0.16,28.00,-1.87,-0.35,27.00,0.14,-0.02
3175607,27.00,-0.17,-0.34,28.00,-1.28,-0.53,27.00,-0.04,-0.02
3175667,27.00,0.07,-0.39,28.00,-0.93,-0.72,27.00,0.01,-0.09
3175727,27.00,-0.11,-0.23,28.00,-0.24,-0.51,27.00,-0.05,-0.11
3175787,27.00,-0.04,-0.37,28.00,0.05,-0.40,27.00,-0.01,-0.01
3175848,27.00,-0.12,-0.44,28.00,0.73,-0.52,27.00,-0.04,-0.03
3175908,27.00,-0.11,-0.15,28.00,1.55,-0.28,27.00,-0.04,-0.08
3175968,27.00,0.05,-0.13,28.00,1.72,0.34,27.00,-0.05,-0.08
3176028,27.00,0.07,-0.07,28.00,2.34,-0.57,27.00,-0.05,-0.08
3176088,27.00,-0.02,-0.15,28.00,2.72,-0.31,27.00,0.07,-0.05
3176148,27.00,-0.15,-0.29,28.00,3.17,0.04,27.00,0.01,-0.02
3176208,27.00,-0.07,-0.29,28.00,3.54,-0.21,27.00,-0.01,0.01
3176268,27.00,0.10,-0.16,28.00,3.64,0.43,27.00,-0.04,-0.00
3176329,27.00,0.01,-0.21,28.00,3.82,-0.19,27.00,-0.04,0.02
3176389,27.00,-0.07,-0.33,28.00,3.96,-0.32,27.00,-0.01,-0.07
3176449,27.00,0.04,-0.15,28.00,3.63,0.10,27.00,-0.07,0.06
3176509,27.00,-0.04,-0.22,28.00,3.60,0.04,27.00,0.05,-0.05
3176569,27.00,-0.12,-0.07,28.00,3.38,0.08,27.00,-0.02,-0.03
3176629,27.00,0.20,-0.05,28.00,3.13,-0.00,27.00,-0.01,0.02
3176689,27.00,-0.01,-0.15,28.00,2.75,-0.16,27.00,-0.01,-0.08
3176750,27.00,-0.02,-0.20,28.00,2.28,0.22,27.00,-0.05,-0.04
3176810,27.00,0.10,0.06,28.00,2.07,0.11,27.00,0.02,-0.07
3176870,27.00,0.05,-0.07,28.00,1.33,0.20,27.00,-0.05,-0.07
3176930,27.00,0.05,-0.23,28.00,0.80,0.06,27.00,-0.07,-0.02
3176990,27.00,0.01,-0.08,28.00,0.27,-0.08,27.00,0.04,-0.00
3177050,27.00,0.08,-0.10,28.00,-0.29,-0.58,27.00,-0.02,0.00
3177110,27.00,-0.05,-0.14,28.00,-1.11,0.44,27.00,0.05,0.01
3177171,27.00,-0.01,-0.35,28.00,-1.49,0.05,27.00,-0.04,-0.01
3177231,27.00,-0.05,-0.20,28.00,-2.21,0.13,27.00,0.01,-0.06
3177291,27.00,0.01,-0.25,28.00,-2.69,-0.03,27.00,0.02,0.00
3177351,27.00,0.11,-0.30,28.00,-2.76,-0.00,27.00,0.05,-0.06
3177411,27.00,-0.05,-0.19,28.00,-3.13,0.09,27.00,-0.01,0.07
3177471,27.00,-0.07,-0.11,28.00,-3.64,-0.24,27.00,-0.01,-0.04
3177531,27.00,-0.15,-0.21,28.00,-3.71,-0.66,27.00,0.01,-0.00
3177591,27.00,-0.07,-0.25,28.00,-3.70,-0.44,27.00,0.02,0.00
3177652,27.00,-0.02,-0.36,28.00,-3.61,-0.43,27.00,-0.05,0.05
3177712,27.00,-0.05,-0.07,28.00,-3.89,-0.27,27.00,-0.01,-0.06
3177772,27.00,0.12,-0.00,28.00,-3.82,-0.18,27.00,-0.05,-0.08
3177832,27.00,0.07,-0.14,28.00,-3.67,-0.15,27.00,-0.02,0.05
3177892,27.00,0.20,-0.07,28.00,-3.05,-0.87,27.00,0.02,-0.05
3177952,27.00,0.01,-0.13,28.00,-2.64,-0.23,27.00,-0.04,-0.02
3178012,27.00,0.10,-0.09,28.00,-2.38,0.01,27.00,0.04,0.02
3178072,27.00,-0.08,-0.24,28.00,-1.85,-0.11,27.00,0.02,-0.05
3178133,27.00,0.01,-0.20,28.00,-1.21,-0.37,27.00,0.02,-0.00
3178193,27.00,-0.04,-0.28,28.00,-0.62,-0.30,27.00,-0.02,0.00
3178253,27.00,-0.05,-0.41,28.00,-0.24,-0.59,27.00,-0.05,-0.03
3178313,27.00,-0.20,-0.27,28.00,0.46,-0.64,27.00,-0.02,-0.01
3178373,27.00,0.02,-0.14,28.00,1.08,-0.32,27.00,-0.04,-0.02
3178433,27.00,-0.21,-0.18,28.00,1.71,-0.04,27.00,-0.07,-0.05
3178493,27.00,0.08,-0.27,28.00,1.94,0.22,27.00,0.04,-0.04
3178554,27.00,0.17,-0.02,28.00,2.66,-0.10,27.00,0.05,-0.04
3178614,27.00,0.04,-0.07,28.00,3.07,-0.11,27.00,-0.01,0.04
3178674,27.00,-0.02,-0.20,28.00,3.36,0.00,27.00,-0.04,-0.01
3178734,27.00,0.10,-0.22,28.00,3.71,-0.18,27.00,-0.02,-0.02
3178794,27.00,-0.07,-0.30,28.00,3.71,-0.26,27.00,-0.05,-0.05
3178854,27.00,0.02,-0.22,28.00,4.01,0.18,27.00,-0.02,-0.05
3178914,27.00,0.08,-0.14,28.00,3.92,-0.18,27.00,-0.08,-0.09
3178975,27.00,-0.05,-0.21,28.00,3.66,0.53,27.00,0.05,-0.05
3179035,27.00,-0.02,-0.26,28.00,3.90,-0.15,27.00,-0.01,-0.07
3179095,27.00,-0.21,-0.19,28.00,3.49,0.17,27.00,0.01,-0.08
3179155,27.00,-0.01,-0.39,28.00,2.84,0.21,27.00,0.02,-0.05
3179215,27.00,-0.01,-0.06,28.00,2.70,0.15,27.00,-0.08,-0.03
3179275,27.00,-0.02,-0.02,28.00,2.07,0.15,27.00,0.04,-0.02
3179335,27.00,0.04,-0.23,28.00,1.58,0.16,27.00,0.01,-0.02
3179395,27.00,0.01,-0.28,28.00,1.06,0.06,27.00,-0.02,-0.07
3179456,27.00,0.05,-0.02,28.00,0.24,-0.07,27.00,-0.02,-0.03
3179516,27.00,-0.07,-0.07,28.00,-0.10,-0.24,27.00,-0.02,-0.03
3179576,27.00,-0.04,-0.08,28.00,-0.59,-0.04,27.00,0.05,-0.05
3179636,27.00,-0.05,-0.15,28.00,-0.96,-0.29,27.00,0.01,0.00
3179696,27.00,0.11,-0.23,28.00,-1.59,-0.52,27.00,-0.01,-0.03
3179756,27.00,0.07,-0.15,28.00,-2.44,-0.22,27.00,-0.01,-0.09
3179816,27.00,-0.01,-0.25,28.00,-2.88,-0.45,27.00,-0.02,-0.12
3179877,27.00,-0.17,-0.35,28.00,-2.91,-0.09,27.00,-0.04,-0.00
3179937,27.00,-0.10,-0.24,28.00,-3.36,-0.43,27.00,0.01,-0.06
3179997,27.00,0.17,-0.16,28.00,-3.52,-0.63,27.00,-0.04,0.03
3180057,27.00,0.04,-0.13,28.00,-3.71,-0.73,27.00,-0.07,-0.06
3180117,27.00,-0.08,-0.07,28.00,-3.60,-0.44,27.00,0.02,0.01
3180177,27.00,0.04,-0.00,28.00,-3.89,-0.35,27.00,0.02,0.00
3180237,27.00,0.05,0.00,28.00,-3.90,-0.25,27.00,-0.01,-0.06
3180297,27.00,0.04,-0.17,28.00,-3.52,-0.18,27.00,0.04,-0.05
3180358,27.00,-0.15,-0.37,28.00,-3.26,-0.22,27.00,0.05,0.04
3180418,27.00,0.14,-0.14,28.00,-2.78,-0.29,27.00,-0.04,-0.03
3180478,27.00,0.05,-0.28,28.00,-2.50,-0.55,27.00,0.07,-0.02
3180538,27.00,0.11,0.01,28.00,-1.96,-0.73,27.00,0.02,0.01
3180598,27.00,0.05,-0.27,28.00,-1.72,-0.42,27.00,0.04,-0.01
3180658,27.00,-0.02,-0.13,28.00,-1.14,-0.55,27.00,-0.04,0.05
3180718,27.00,-0.04,-0.22,28.00,-0.18,-0.78,27.00,-0.04,-0.03
3180779,27.00,0.07,-0.26,28.00,0.18,-0.34,27.00,0.07,-0.09
3180839,27.00,0.01,-0.11,28.00,0.73,-0.50,27.00,-0.04,-0.02
3180899,27.00,0.01,-0.07,28.00,1.52,-0.11,27.00,-0.04,-0.06
3180959,27.00,0.14,-0.33,28.00,1.94,-0.22,27.00,-0.01,-0.03
3181019,27.00,0.08,-0.16,28.00,2.35,0.22,27.00,-0.01,-0.06
3181079,27.00,0.07,-0.07,28.00,2.75,0.23,27.00,0.04,0.00
3181139,27.00,0.05,0.13,28.00,3.29,-0.74,27.00,0.01,0.00
3181199,27.00,0.12,-0.13,28.00,3.70,-0.33,27.00,0.01,-0.02
3181260,27.00,-0.05,-0.22,28.00,3.90,-0.08,27.00,-0.02,-0.05
3181320,27.00,-0.15,-0.36,28.00,3.68,-0.35,27.00,-0.07,-0.08
3181380,27.00,0.15,-0.15,28.00,4.04,-0.36,27.00,0.02,-0.04
3181440,27.00,-0.07,-0.33,28.00,3.83,-0.24,27.00,0.01,-0.05
3181500,27.00,-0.02,-0.25,28.00,3.64,0.35,27.00,-0.05,0.00
3181560,27.00,-0.15,-0.05,28.00,3.63,-0.30,27.00,-0.07,-0.02
3181620,27.00,-0.02,-0.17,28.00,3.03,0.07,27.00,-0.02,-0.08
3181681,27.00,0.04,-0.17,28.00,2.85,-0.15,27.00,-0.01,-0.03
3181741,27.00,0.05,-0.07,28.00,2.38,-0.33,27.00,0.08,-0.07
3181801,27.00,-0.05,-0.16,28.00,1.97,-0.07,27.00,0.01,-0.04
3181861,27.00,-0.10,-0.20,28.00,1.47,-0.16,27.00,-0.01,-0.05
3181921,27.00,0.18,-0.20,28.00,0.97,-0.21,27.00,-0.05,-0.00
3181981,27.00,-0.15,-0.29,28.00,0.27,-0.02,27.00,0.02,-0.11
3182041,27.00,-0.01,-0.23,28.00,-0.29,-0.26,27.00,0.04,-0.01
3182101,27.00,0.05,-0.10,28.00,-0.62,-0.16,27.00,0.02,-0.07
3182162,27.00,-0.07,-0.26,28.00,-1.38,-0.10,27.00,-0.01,-0.12
3182222,27.00,-0.05,-0.25,28.00,-1.81,-0.22,27.00,0.01,0.00
3182282,27.00,0.04,-0.24,28.00,-2.50,-0.69,27.00,0.04,-0.08
3182342,27.00,0.02,-0.18,28.00,-2.89,-0.22,27.00,0.05,-0.06
3182402,27.00,0.07,-0.16,28.00,-3.49,0.04,27.00,0.02,-0.08
3182462,27.00,0.01,-0.04,28.00,-3.32,-0.22,27.00,0.02,-0.09
3182522,27.00,-0.02,-0.07,28.00,-3.76,-0.28,27.00,0.04,-0.06
3182583,27.00,-0.04,-0.13,28.00,-3.70,-0.56,27.00,0.04,-0.05
3182643,27.00,0.04,-0.13,28.00,-3.80,-0.15,27.00,-0.01,-0.04
3182703,27.00,-0.01,-0.22,28.00,-3.71,-0.18,27.00,-0.02,-0.08
3182763,27.00,-0.04,-0.18,28.00,-3.55,-0.77,27.00,-0.07,-0.00
3182823,27.00,-0.15,-0.32,28.00,-3.35,-0.14,27.00,-0.08,-0.07
3182883,27.00,-0.08,-0.22,28.00,-3.48,-0.35,27.00,0.02,-0.02
3182943,27.00,-0.15,-0.22,28.00,-2.85,-0.60,27.00,-0.05,0.04
3183003,27.00,-0.04,-0.23,28.00,-2.21,-0.28,27.00,-0.02,-0.04
3183064,27.00,0.01,-0.17,28.00,-1.93,-0.84,27.00,-0.01,-0.04
3183124,27.00,0.08,-0.29,28.00,-1.28,-0.51,27.00,-0.05,0.02
3183184,27.00,0.01,-0.22,28.00,-0.71,-0.50,27.00,-0.01,0.06
3183244,27.00,0.05,-0.16,28.00,-0.20,-0.85,27.00,-0.01,0.00
3183304,27.00,-0.12,-0.09,28.00,0.36,-0.62,27.00,0.01,0.12
3183364,27.00,-0.11,-0.31,28.00,0.87,0.03,27.00,-0.01,0.02
3183424,27.00,-0.08,-0.41,28.00,1.41,0.03,27.00,-0.04,-0.07
3183485,27.00,0.04,-0.18,28.00,2.21,-0.58,27.00,-0.02,-0.03
3183545,27.00,-0.07,-0.27,28.00,2.42,-0.46,27.00,0.01,-0.05
3183605,27.00,-0.02,0.02,28.00,2.86,0.15,27.00,-0.02,-0.04
3183665,27.00,0.05,-0.22,28.00,3.10,0.02,27.00,-0.02,-0.01
3183725,27.00,-0.05,-0.38,28.00,3.61,0.14,27.00,0.04,0.06
3183785,27.00,-0.04,-0.26,28.00,3.66,0.04,27.00,0.02,-0.03
3183845,27.00,0.02,-0.29,28.00,3.57,0.01,27.00,-0.02,-0.03
3183906,27.00,-0.17,-0.31,28.00,3.99,-0.19,27.00,-0.01,-0.04
3183966,27.00,0.10,-0.29,28.00,3.85,-0.38,27.00,0.02,-0.02
3184026,27.00,-0.01,-0.20,28.00,3.64,-0.22,27.00,0.01,0.05
3184086,27.00,0.12,-0.15,28.00,3.29,0.10,27.00,0.04,-0.07
3184146,27.00,-0.14,-0.09,28.00,2.86,0.22,27.00,-0.05,0.00
3184206,27.00,-0.11,-0.24,28.00,2.67,-0.10,27.00,-0.08,0.00
3184266,27.00,0.04,-0.15,28.00,2.09,-0.34,27.00,-0.02,-0.13
3184326,27.00,0.02,-0.20,28.00,1.66,-0.06,27.00,-0.02,-0.00
3184387,27.00,-0.07,-0.19,28.00,1.03,-0.00,27.00,-0.07,-0.06
3184447,27.00,-0.11,-0.15,28.00,0.48,0.11,27.00,-0.08,-0.07
3184507,27.00,-0.14,-0.37,28.00,-0.05,-0.11,27.00,-0.01,-0.00
3184567,27.00,0.02,-0.13,28.00,-0.53,-0.36,27.00,0.04,-0.12
3184627,27.00,0.02,-0.34,28.00,-1.31,-0.33,27.00,-0.05,-0.10
3184687,27.00,0.08,-0.33,28.00,-1.50,-0.47,27.00,-0.02,0.05
3184747,27.00,0.17,-0.18,28.00,-2.04,-0.20,27.00,0.01,-0.06
3184808,27.00,-0.01,-0.15,28.00,-2.57,-0.25,27.00,0.04,-0.00
3184868,27.00,-0.05,-0.19,28.00,-2.84,0.16,27.00,-0.07,-0.06
3184928,27.00,0.02,-0.16,28.00,-3.32,-0.43,27.00,-0.05,-0.03
3184988,27.00,0.02,-0.30,28.00,-3.67,-0.09,27.00,0.01,-0.00
3185048,27.00,0.10,-0.30,28.00,-4.07,-0.22,27.00,-0.05,-0.01
3185108,27.00,-0.02,-0.15,28.00,-4.04,-0.49,27.00,0.01,-0.02
3185168,27.00,-0.30,-0.36,28.00,-3.89,-0.14,27.00,-0.04,-0.04
3185228,27.00,-0.02,-0.22,28.00,-3.68,-0.21,27.00,0.01,0.05
3185289,27.00,0.02,-0.26,28.00,-3.55,-0.51,27.00,0.05,0.05
3185349,27.00,0.08,-0.12,28.00,-3.19,-0.73,27.00,0.01,-0.02
3185409,27.00,-0.02,-0.15,28.00,-2.97,-0.41,27.00,0.01,-0.01
3185469,27.00,0.02,-0.22,28.00,-2.69,-0.24,27.00,-0.07,-0.04
3185529,27.00,0.01,-0.16,28.00,-2.12,-0.29,27.00,-0.04,-0.12
3185589,27.00,0.18,-0.01,28.00,-1.59,-0.17,27.00,0.04,-0.00
3185649,27.00,0.12,-0.11,28.00,-1.12,-0.55,27.00,-0.01,0.01
3185710,27.00,0.05,-0.18,28.00,-0.74,-0.54,27.00,-0.05,-0.03
3185770,27.00,-0.02,-0.11,28.00,-0.07,-0.51,27.00,-0.08,0.02
3185830,27.00,0.04,-0.06,28.00,0.53,-0.00,27.00,0.07,-0.05
3185890,27.00,0.20,-0.20,28.00,1.34,-0.26,27.00,-0.01,0.02
3185950,27.00,-0.24,-0.09,28.00,1.81,-0.31,27.00,-0.05,-0.13
3186010,27.00,-0.10,-0.14,28.00,2.19,-0.72,27.00,-0.05,0.00
3186070,27.00,-0.15,-0.25,28.00,2.73,-0.44,27.00,0.04,-0.15
3186130,27.00,-0.10,-0.22,28.00,3.14,0.08,27.00,-0.05,-0.03
3186191,27.00,0.05,-0.11,28.00,3.36,0.05,27.00,-0.07,-0.07
3186251,27.00,-0.10,-0.25,28.00,3.38,-0.11,27.00,0.02,-0.06
3186311,27.00,0.05,-0.23,28.00,3.45,-0.20,27.00,0.01,-0.04
3186371,27.00,0.04,-0.10,28.00,3.89,-0.05,27.00,0.01,-0.10
3186431,27.00,0.01,-0.17,28.00,4.11,0.11,27.00,-0.05,-0.02
3186491,27.00,0.01,-0.17,28.00,3.66,0.31,27.00,-0.02,-0.07
3186551,27.00,0.07,-0.24,28.00,3.25,0.13,27.00,0.05,-0.01
3186612,27.00,-0.01,-0.25,28.00,3.29,-0.03,27.00,0.04,0.06
3186672,27.00,0.01,-0.22,28.00,2.60,0.63,27.00,0.01,-0.03
3186732,27.00,0.01,-0.15,28.00,2.53,0.24,27.00,0.04,-0.14
3186792,27.00,0.07,-0.28,28.00,2.01,0.07,27.00,-0.05,-0.01
3186852,27.00,0.10,-0.18,28.00,1.59,0.10,27.00,-0.10,-0.05
3186912,27.00,-0.12,-0.19,28.00,0.75,0.38,27.00,-0.04,-0.01
3186972,27.00,0.15,-0.15,28.00,0.37,0.07,27.00,0.01,0.00
3187032,27.00,-0.10,-0.17,28.00,-0.30,-0.12,27.00,-0.04,-0.05
3187093,27.00,-0.02,-0.24,28.00,-0.75,-0.62,27.00,0.01,0.04
3187153,27.00,0.11,-0.30,28.00,-1.28,0.11,27.00,-0.07,-0.00
3187213,27.00,-0.07,-0.26,28.00,-1.74,-0.61,27.00,0.07,-0.15
3187273,27.00,-0.08,-0.16,28.00,-2.18,-0.16,27.00,0.05,-0.04
3187333,27.00,-0.04,-0.15,28.00,-2.78,-0.57,27.00,-0.08,-0.09
3187393,27.00,-0.01,-0.22,28.00,-3.17,-0.03,27.00,0.04,-0.06
3187453,27.00,-0.18,-0.29,28.00,-3.41,-0.15,27.00,-0.01,-0.00
3187514,27.00,0.05,0.02,28.00,-3.60,-0.10,27.00,-0.01,-0.08
3187574,27.00,0.10,-0.01,28.00,-3.71,-0.19,27.00,-0.07,-0.04
3187634,27.00,-0.08,-0.21,28.00,-3.89,-0.06,27.00,-0.01,-0.10
3187694,27.00,0.05,-0.28,28.00,-3.80,-0.39,27.00,-0.02,-0.04
3187754,27.00,0.10,-0.22,28.00,-3.82,0.22,27.00,0.04,-0.00
3187814,27.00,0.02,-0.19,28.00,-3.73,-0.16,27.00,-0.02,0.03
3187874,27.00,0.08,-0.05,28.00,-3.36,-0.24,27.00,-0.01,-0.04
3187934,27.00,-0.02,-0.19,28.00,-2.75,-0.30,27.00,0.05,-0.14
3187995,27.00,-0.08,-0.25,28.00,-2.45,-0.24,27.00,-0.01,-0.03
3188055,27.00,-0.02,-0.24,28.00,-1.88,-0.44,27.00,-0.04,0.02
3188115,27.00,-0.01,-0.23,28.00,-1.55,-0.41,27.00,0.02,-0.00
3188175,27.00,0.10,-0.24,28.00,-0.92,-0.21,27.00,-0.01,0.01
3188235,27.00,-0.01,-0.29,28.00,-0.12,-0.60,27.00,0.01,-0.03
3188295,27.00,-0.04,-0.21,28.00,0.30,-0.43,27.00,0.04,-0.07
3188355,27.00,0.04,-0.07,28.00,0.93,-0.48,27.00,0.01,0.00
3188416,27.00,-0.07,-0.14,28.00,1.55,-0.50,27.00,0.02,0.01
3188476,27.00,-0.10,-0.29,28.00,2.00,0.07,27.00,-0.11,0.03
3188536,27.00,-0.07,-0.19,28.00,2.41,0.14,27.00,0.04,-0.07
3188596,27.00,-0.01,-0.29,28.00,3.04,-0.44,27.00,-0.04,-0.08
3188656,27.00,-0.20,-0.06,28.00,3.33,0.02,27.00,0.01,-0.04
3188716,27.00,-0.05,-0.06,28.00,3.61,0.35,27.00,0.04,-0.03
3188776,27.00,-0.04,-0.38,28.00,3.74,-0.34,27.00,-0.04,-0.04
3188836,27.00,-0.12,-0.23,28.00,4.04,0.00,27.00,0.02,0.06
3188897,27.00,-0.05,-0.26,28.00,3.86,-0.15,27.00,-0.04,-0.12
3188957,27.00,0.04,-0.26,28.00,3.68,0.22,27.00,-0.04,-0.00
3189017,27.00,-0.15,-0.12,28.00,3.42,0.25,27.00,-0.10,0.06
3189077,27.00,0.01,-0.19,28.00,3.48,-0.08,27.00,-0.07,-0.04
3189137,27.00,0.01,-0.17,28.00,3.29,0.00,27.00,-0.07,-0.03
3189197,27.00,-0.02,-0.22,28.00,2.63,0.02,27.00,0.04,-0.07
3189257,27.00,0.04,-0.27,28.00,2.29,-0.18,27.00,0.04,-0.10
3189318,27.00,0.02,-0.21,28.00,1.53,0.25,27.00,-0.01,-0.00
3189378,27.00,-0.08,-0.19,28.00,1.37,0.70,27.00,-0.01,-0.02
3189438,27.00,-0.05,-0.21,28.00,0.74,0.49,27.00,0.01,-0.07
3189498,27.00,-0.04,-0.23,28.00,0.10,0.27,27.00,0.02,-0.05
3189558,27.00,-0.02,-0.21,28.00,-0.73,-0.37,27.00,-0.07,-0.00
3189618,27.00,-0.01,-0.17,28.00,-0.64,-0.57,27.00,-0.02,-0.03
3189678,27.00,-0.05,-0.07,28.00,-1.36,-0.33,27.00,-0.02,-0.00
3189739,27.00,-0.12,-0.32,28.00,-2.13,-0.24,27.00,-0.04,0.03
3189799,27.00,-0.12,-0.27,28.00,-2.59,-0.14,27.00,0.01,-0.05
3189859,27.00,-0.11,-0.23,28.00,-2.97,0.02,27.00,0.01,-0.08
3189919,27.00,-0.11,-0.22,28.00,-3.49,0.04,27.00,0.01,-0.07
3189979,27.00,0.10,-0.40,28.00,-3.67,-0.41,27.00,0.05,-0.07
3190039,27.00,-0.02,-0.28,28.00,-3.45,-0.45,27.00,0.02,-0.06
3190099,27.00,-0.02,-0.25,28.00,-3.99,-0.64,27.00,-0.04,-0.07
3190159,27.00,0.05,-0.07,28.00,-3.68,-0.80,27.00,0.02,-0.00
3190220,27.00,0.04,-0.15,28.00,-3.71,-0.29,27.00,0.01,-0.03
3190280,27.00,-0.02,-0.16,28.00,-3.42,-0.71,27.00,-0.05,-0.09
3190340,27.00,0.15,-0.07,28.00,-3.41,-0.72,27.00,-0.05,0.02
3190400,27.00,-0.02,-0.27,28.00,-2.85,-0.47,27.00,0.01,0.01
3190460,27.00,0.07,-0.12,28.00,-2.62,-0.84,27.00,0.04,-0.03
3190520,27.00,0.02,-0.26,28.00,-2.16,-0.62,27.00,-0.02,0.01
3190580,27.00,0.04,-0.28,28.00,-1.62,-0.38,27.00,-0.01,0.03
3190641,27.00,-0.07,-0.31,28.00,-1.36,-0.44,27.00,-0.01,-0.03
3190701,27.00,-0.04,-0.12,28.00,-0.64,-0.64,27.00,-0.04,-0.02
3190761,27.00,0.02,-0.36,28.00,-0.04,-0.47,27.00,-0.01,0.01
3190821,27.00,-0.07,-0.29,28.00,0.61,0.05,27.00,-0.10,-0.04
3190881,27.00,-0.12,-0.27,28.00,1.05,0.53,27.00,0.01,-0.04
3190941,27.00,-0.05,-0.30,28.00,1.66,0.00,27.00,-0.01,-0.04
3191001,27.00,-0.04,-0.28,28.00,2.51,0.07,27.00,0.01,0.00
3191061,27.00,0.20,-0.20,28.00,2.47,-0.31,27.00,-0.04,-0.03
3191122,27.00,0.12,-0.32,28.00,2.86,0.09,27.00,-0.01,-0.04
3191182,27.00,0.14,-0.10,28.00,3.55,-0.22,27.00,-0.01,0.02
3191242,27.00,-0.08,-0.20,28.00,3.52,0.22,27.00,0.01,0.01
3191302,27.00,-0.04,-0.16,28.00,3.73,0.05,27.00,0.05,-0.04
3191362,27.00,-0.14,-0.15,28.00,4.11,-0.43,27.00,-0.07,-0.04
3191422,27.00,0.05,-0.12,28.00,3.86,-0.07,27.00,-0.01,-0.02
3191482,27.00,-0.01,-0.34,28.00,3.61,-0.16,27.00,-0.07,-0.07
3191543,27.00,0.04,-0.29,28.00,3.57,-0.39,27.00,-0.04,-0.07
3191603,27.00,-0.07,-0.24,28.00,3.19,0.01,27.00,0.02,-0.04
3191663,27.00,-0.04,-0.27,28.00,3.16,-0.43,27.00,-0.04,-0.10
3191723,27.00,-0.05,-0.06,28.00,2.66,-0.07,27.00,0.01,-0.07
3191783,27.00,-0.08,-0.26,28.00,2.01,0.11,27.00,0.02,0.01
3191843,27.00,-0.12,-0.06,28.00,1.52,0.04,27.00,-0.02,-0.03
3191903,27.00,0.15,-0.22,28.00,0.87,-0.12,27.00,-0.02,-0.05
3191963,27.00,-0.07,-0.12,28.00,0.58,0.20,27.00,0.02,-0.05
3192024,27.00,-0.07,-0.06,28.00,-0.26,-0.09,27.00,0.02,-0.06
3192084,27.00,0.24,-0.11,28.00,-0.75,-0.01,27.00,-0.01,0.03
3192144,27.00,0.11,-0.19,28.00,-1.21,-0.59,27.00,0.01,-0.05
3192204,27.00,0.14,-0.21,28.00,-1.82,-0.38,27.00,0.01,-0.10
3192264,27.00,-0.02,-0.28,28.00,-2.50,-0.04,27.00,-0.01,-0.07
3192324,27.00,-0.04,-0.07,28.00,-2.91,-0.07,27.00,-0.04,-0.04
3192384,27.00,-0.10,-0.11,28.00,-3.30,-0.18,27.00,0.05,-0.10
3192445,27.00,0.01,-0.27,28.00,-3.51,-0.02,27.00,0.04,0.01
3192505,27.00,0.01,-0.32,28.00,-3.79,-0.32,27.00,0.01,-0.07
3192565,27.00,0.07,-0.31,28.00,-3.86,0.45,27.00,-0.01,-0.01
3192625,27.00,0.10,-0.28,28.00,-3.92,-0.56,27.00,-0.01,0.00
3192685,27.00,0.08,-0.08,28.00,-3.93,-0.03,27.00,-0.05,-0.14
3192745,27.00,0.04,-0.18,28.00,-3.44,-0.65,27.00,0.02,0.00
3192805,27.00,0.04,-0.07,28.00,-3.67,-0.36,27.00,-0.08,-0.07
3192865,27.00,-0.11,-0.29,28.00,-3.16,-0.44,27.00,0.02,-0.05
3192926,27.00,0.01,-0.41,28.00,-2.86,-0.80,27.00,-0.05,-0.04
3192986,27.00,0.02,-0.20,28.00,-2.38,-0.45,27.00,-0.01,-0.04
3193046,27.00,0.05,-0.15,28.00,-1.96,-0.56,27.00,-0.01,-0.02
3193106,27.00,0.10,-0.15,28.00,-1.60,-0.50,27.00,-0.01,-0.08
3193166,27.00,-0.11,-0.15,28.00,-0.81,-0.83,27.00,0.01,-0.04
3193226,27.00,-0.02,-0.25,28.00,-0.40,-0.74,27.00,-0.02,-0.03
3193286,27.00,-0.04,-0.23,28.00,0.15,-0.75,27.00,-0.04,-0.05
3193347,27.00,0.10,-0.22,28.00,0.73,-0.45,27.00,-0.02,-0.07
3193407,27.00,0.11,-0.38,28.00,1.38,-0.37,27.00,-0.02,-0.01
3193467,27.00,-0.02,-0.20,28.00,1.72,-0.15,27.00,0.01,0.07
3193527,27.00,0.11,-0.19,28.00,2.53,-0.59,27.00,-0.01,0.01
3193587,27.00,-0.08,-0.08,28.00,2.85,-0.10,27.00,-0.01,-0.07
3193647,27.00,0.01,-0.21,28.00,3.33,0.33,27.00,-0.04,-0.04
3193707,27.00,0.02,-0.16,28.00,3.42,-0.07,27.00,-0.02,-0.07
3193767,27.00,-0.01,-0.22,28.00,3.74,0.19,27.00,0.01,-0.07
3193828,27.00,-0.05,-0.12,28.00,3.67,-0.32,27.00,0.01,-0.07
3193888,27.00,0.07,-0.15,28.00,3.88,-0.30,27.00,0.01,-0.05
3193948,27.00,-0.07,-0.09,28.00,4.08,-0.07,27.00,-0.01,0.03
3194008,27.00,-0.05,-0.20,28.00,3.44,-0.24,27.00,-0.01,0.01
3194068,27.00,0.04,-0.29,28.00,3.68,0.08,27.00,-0.05,0.00
3194128,27.00,0.08,-0.12,28.00,3.11,-0.01,27.00,-0.01,-0.09
3194188,27.00,0.01,-0.27,28.00,2.78,-0.28,27.00,-0.02,-0.07
3194249,27.00,-0.02,-0.36,28.00,2.25,0.26,27.00,-0.01,-0.07
3194309,27.00,0.02,-0.07,28.00,1.85,-0.09,27.00,-0.04,-0.01
3194369,27.00,0.07,-0.27,28.00,1.28,0.00,27.00,-0.01,-0.07
3194429,27.00,-0.10,-0.15,28.00,0.48,-0.36,27.00,-0.01,-0.04
3194489,27.00,-0.05,-0.29,28.00,0.17,-0.15,27.00,-0.05,-0.05
3194549,27.00,-0.10,-0.22,28.00,-0.39,-0.18,27.00,-0.10,0.03
3194609,27.00,-0.14,-0.33,28.00,-0.90,-0.42,27.00,0.07,-0.01
3194670,27.00,0.02,-0.21,28.00,-1.65,-0.09,27.00,-0.01,0.03
3194730,27.00,-0.11,-0.29,28.00,-1.99,-0.04,27.00,0.04,-0.06
3194790,27.00,0.08,-0.07,28.00,-2.60,-0.09,27.00,-0.02,-0.04
3194850,27.00,-0.08,-0.20,28.00,-3.00,0.29,27.00,-0.04,-0.03
3194910,27.00,-0.07,-0.27,28.00,-3.30,-0.05,27.00,0.01,-0.07
3194970,27.00,0.27,-0.23,28.00,-3.70,-0.03,27.00,0.01,-0.00
3195030,27.00,0.10,-0.30,28.00,-3.64,-0.26,27.00,0.05,-0.01
3195090,27.00,0.01,-0.32,28.00,-3.85,-0.31,27.00,-0.02,-0.08
3195151,27.00,0.07,0.00,28.00,-3.57,0.13,27.00,-0.01,0.00
3195211,27.00,-0.07,-0.11,28.00,-3.96,-0.24,27.00,0.05,-0.03
3195271,27.00,0.01,-0.26,28.00,-3.44,-0.32,27.00,-0.04,-0.04
3195331,27.00,0.04,-0.29,28.00,-3.44,-0.49,27.00,0.07,-0.13
3195391,27.00,-0.01,-0.25,28.00,-3.05,-0.14,27.00,0.01,0.00
3195451,27.00,0.10,-0.26,28.00,-2.91,-0.65,27.00,-0.04,-0.04
3195511,27.00,-0.02,-0.24,28.00,-2.40,-0.53,27.00,-0.07,-0.02
3195571,27.00,0.08,-0.20,28.00,-1.96,-0.52,27.00,-0.02,-0.03
3195632,27.00,-0.01,-0.20,28.00,-1.38,-0.52,27.00,-0.01,-0.06
3195692,27.00,0.02,-0.22,28.00,-0.51,-0.36,27.00,-0.02,-0.04
3195752,27.00,0.15,-0.24,28.00,-0.14,-0.73,27.00,-0.02,-0.02
3195812,27.00,-0.02,-0.23,28.00,0.46,-0.63,27.00,-0.02,-0.08
3195872,27.00,0.07,-0.10,28.00,1.05,0.22,27.00,0.04,0.00
3195932,27.00,-0.08,-0.28,28.00,1.58,-0.08,27.00,-0.02,-0.00
3195992,27.00,-0.01,-0.18,28.00,1.88,-0.15,27.00,-0.05,-0.03
3196053,27.00,0.10,-0.07,28.00,2.54,0.26,27.00,-0.01,-0.03
3196113,27.00,0.02,-0.07,28.00,3.14,0.36,27.00,-0.01,-0.04
3196173,27.00,0.02,-0.18,28.00,3.42,0.18,27.00,-0.05,-0.01
3196233,27.00,0.08,-0.19,28.00,3.48,-0.04,27.00,-0.02,-0.04
3196293,27.00,-0.04,-0.22,28.00,3.88,0.12,27.00,0.01,-0.03
3196353,27.00,0.04,-0.16,28.00,3.68,0.37,27.00,-0.07,-0.04
3196413,27.00,-0.05,-0.28,28.00,4.02,-0.36,27.00,0.02,0.06
3196474,27.00,-0.05,-0.02,28.00,3.77,0.46,27.00,0.04,-0.07
3196534,27.00,-0.11,-0.13,28.00,3.45,0.43,27.00,0.02,-0.02
3196594,27.00,-0.05,-0.15,28.00,3.36,-0.48,27.00,0.01,-0.03
3196654,27.00,0.01,-0.18,28.00,3.27,-0.14,27.00,0.01,-0.03
3196714,27.00,-0.07,-0.27,28.00,2.34,0.29,27.00,-0.10,-0.11
3196774,27.00,-0.02,-0.14,28.00,1.84,0.00,27.00,0.01,-0.03
3196834,27.00,-0.26,-0.40,28.00,1.59,-0.10,27.00,0.02,0.03
3196894,27.00,-0.01,-0.22,28.00,1.16,-0.03,27.00,-0.11,-0.08
3196955,27.00,-0.04,-0.20,28.00,0.59,-0.50,27.00,-0.01,0.01
3197015,27.00,-0.04,-0.17,28.00,-0.30,-0.17,27.00,-0.01,-0.01
3197075,27.00,-0.20,-0.22,28.00,-0.81,-0.12,27.00,-0.05,-0.09
3197135,27.00,-0.01,-0.22,28.00,-1.03,-0.35,27.00,-0.01,-0.03
3197195,27.00,-0.11,-0.15,28.00,-1.66,-0.37,27.00,-0.02,-0.02
3197255,27.00,0.04,-0.15,28.00,-2.19,-0.15,27.00,-0.04,0.00
3197315,27.00,-0.01,-0.22,28.00,-2.26,-0.32,27.00,0.07,-0.06
3197376,27.00,0.14,-0.09,28.00,-2.73,-0.09,27.00,-0.02,-0.03
3197436,27.00,0.02,-0.22,28.00,-3.58,-0.27,27.00,0.05,-0.07
3197496,27.00,-0.12,-0.36,28.00,-3.73,-0.67,27.00,0.01,-0.04
3197556,27.00,-0.07,-0.20,28.00,-4.10,-0.47,27.00,-0.01,-0.07
3197616,27.00,-0.10,-0.28,28.00,-3.77,0.11,27.00,-0.07,-0.02
3197676,27.00,-0.07,-0.22,28.00,-3.90,0.05,27.00,0.02,-0.05
3197736,27.00,0.11,-0.29,28.00,-3.79,-0.44,27.00,-0.01,0.07
3197796,27.00,-0.12,-0.30,28.00,-3.79,-0.00,27.00,-0.08,-0.04
3197857,27.00,-0.14,-0.31,28.00,-3.19,-0.24,27.00,-0.04,-0.04
3197917,27.00,-0.11,-0.29,28.00,-3.17,-0.08,27.00,-0.01,-0.00
3197977,27.00,-0.08,-0.22,28.00,-2.53,-0.19,27.00,0.08,0.01
3198037,27.00,0.05,-0.29,28.00,-2.06,-0.49,27.00,0.04,-0.01
3198097,27.00,-0.12,-0.28,28.00,-1.68,-0.73,27.00,-0.01,-0.01
3198157,27.00,0.07,-0.10,28.00,-0.73,-0.80,27.00,-0.02,-0.03
3198217,27.00,0.01,-0.00,28.00,-0.29,-0.65,27.00,-0.04,0.02
3198278,27.00,0.10,0.09,28.00,0.18,-0.27,27.00,0.02,-0.01
3198338,27.00,-0.05,-0.13,28.00,0.68,-0.22,27.00,-0.05,-0.04
3198398,27.00,-0.04,-0.18,28.00,1.46,-0.33,27.00,0.02,0.04
3198458,27.00,0.17,-0.08,28.00,1.81,0.05,27.00,-0.01,-0.11
3198518,27.00,0.15,-0.52,28.00,2.28,0.32,27.00,-0.05,-0.03
3198578,27.00,-0.11,-0.34,28.00,2.78,0.40,27.00,0.04,0.03
3198638,27.00,-0.12,-0.16,28.00,3.45,-0.52,27.00,-0.05,-0.08
3198698,27.00,-0.07,-0.22,28.00,3.58,-0.26,27.00,0.02,-0.06
3198759,27.00,-0.01,-0.30,28.00,3.73,-0.34,27.00,0.02,-0.12
3198819,27.00,0.20,-0.09,28.00,3.61,0.19,27.00,-0.01,-0.05
3198879,27.00,-0.12,-0.20,28.00,3.98,-0.11,27.00,-0.07,-0.01
3198939,27.00,-0.08,-0.30,28.00,3.85,0.24,27.00,-0.04,0.01
3198999,27.00,-0.01,-0.16,28.00,3.82,0.15,27.00,-0.01,-0.02
3199059,27.00,-0.01,-0.19,28.00,3.52,-0.20,27.00,-0.01,-0.04
3199119,27.00,0.02,-0.26,28.00,3.04,-0.14,27.00,0.07,-0.03
3199180,27.00,0.14,0.02,28.00,3.05,0.07,27.00,-0.01,-0.05
3199240,27.00,-0.08,-0.18,28.00,2.45,0.07,27.00,-0.01,-0.02
3199300,27.00,-0.17,-0.32,28.00,1.96,0.31,27.00,-0.05,-0.07
3199360,27.00,0.04,-0.26,28.00,1.30,0.17,27.00,-0.02,-0.05
3199420,27.00,-0.02,-0.07,28.00,0.99,0.69,27.00,-0.04,-0.08
3199480,27.00,-0.02,-0.02,28.00,0.30,0.07,27.00,-0.02,0.06
3199540,27.00,0.12,-0.07,28.00,-0.23,0.05,27.00,-0.02,-0.01
3199600,27.00,-0.05,-0.24,28.00,-0.84,-0.38,27.00,-0.01,-0.01
3199661,27.00,0.21,-0.19,28.00,-1.30,-0.04,27.00,0.02,-0.07
3199721,27.00,-0.05,-0.09,28.00,-1.88,-0.15,27.00,0.05,-0.03
3199781,27.00,-0.07,-0.23,28.00,-2.44,-0.45,27.00,0.01,-0.07
3199841,27.00,-0.02,-0.12,28.00,-2.88,-0.60,27.00,-0.05,-0.03
3199901,27.00,-0.08,-0.26,28.00,-3.33,-0.02,27.00,0.01,-0.05
3199961,27.00,-0.07,-0.26,28.00,-3.63,-0.14,27.00,-0.04,-0.09
3200021,27.00,-0.05,-0.02,28.00,-3.71,-0.29,27.00,0.02,-0.02
3200082,27.00,-0.01,-0.31,28.00,-3.64,-0.10,27.00,0.01,-0.00
3200142,27.00,-0.07,-0.37,28.00,-3.85,-0.51,27.00,0.02,-0.06
3200202,27.00,0.14,-0.22,28.00,-3.83,-0.03,27.00,-0.01,-0.01
3200262,27.00,-0.12,-0.34,28.00,-3.76,-0.45,27.00,-0.01,-0.13
3200322,27.00,0.07,-0.40,28.00,-3.33,-0.64,27.00,-0.07,-0.07
3200382,27.00,-0.07,-0.36,28.00,-3.25,-0.55,27.00,0.04,0.00
3200442,27.00,-0.02,-0.28,28.00,-2.66,-0.27,27.00,-0.01,-0.06
3200502,27.00,-0.21,-0.18,28.00,-2.38,-0.73,27.00,-0.08,-0.02
3200563,27.00,0.02,-0.29,28.00,-1.56,-0.97,27.00,-0.02,-0.06
3200623,27.00,-0.05,-0.16,28.00,-1.15,-0.75,27.00,0.02,-0.03
3200683,27.00,0.20,-0.25,28.00,-0.70,-0.60,27.00,-0.07,0.00
3200743,27.00,-0.02,-0.24,28.00,-0.29,-0.57,27.00,-0.01,-0.00
3200803,27.00,-0.07,-0.31,28.00,0.33,-0.41,27.00,0.02,-0.04
3200863,27.00,0.15,-0.23,28.00,1.05,-0.58,27.00,-0.10,-0.04
3200923,27.00,0.01,-0.22,28.00,1.46,0.01,27.00,-0.07,0.03
3200984,27.00,0.02,-0.22,28.00,2.26,-0.21,27.00,0.04,0.07
3201044,27.00,-0.14,-0.25,28.00,2.63,-0.52,27.00,-0.02,-0.01
3201104,27.00,0.15,-0.15,28.00,2.88,0.06,27.00,-0.02,-0.07
3201164,27.00,-0.02,-0.29,28.00,3.36,0.01,27.00,-0.02,-0.02
3201224,27.00,-0.15,-0.39,28.00,3.33,0.27,27.00,-0.01,0.01
3201284,27.00,-0.04,-0.36,28.00,3.71,0.27,27.00,0.02,-0.04
3201344,27.00,0.10,-0.23,28.00,3.85,-0.23,27.00,0.01,0.05
3201405,27.00,-0.02,-0.16,28.00,3.79,0.33,27.00,0.02,0.00
3201465,27.00,-0.04,-0.22,28.00,3.54,0.07,27.00,-0.04,-0.01
3201525,27.00,-0.08,-0.05,28.00,3.76,-0.51,27.00,-0.01,-0.07
3201585,27.00,-0.01,-0.32,28.00,3.38,0.29,27.00,-0.07,-0.03
3201645,27.00,-0.08,-0.23,28.00,3.08,0.29,27.00,-0.05,-0.09
3201705,27.00,-0.05,-0.22,28.00,2.63,0.03,27.00,-0.01,-0.06
3201765,27.00,-0.07,-0.16,28.00,2.26,0.12,27.00,-0.02,-0.06
3201825,27.00,-0.04,-0.11,28.00,1.62,0.14,27.00,0.07,-0.08
3201886,27.00,-0.05,-0.16,28.00,1.15,-0.09,27.00,-0.02,-0.02
3201946,27.00,-0.08,-0.10,28.00,0.49,0.15,27.00,-0.02,0.01
3202006,27.00,-0.05,-0.15,28.00,0.07,-0.09,27.00,0.02,0.02
3202066,27.00,0.10,-0.17,28.00,-0.45,-0.16,27.00,0.02,-0.04
3202126,27.00,0.15,-0.18,28.00,-1.34,-0.31,27.00,0.02,-0.03
3202186,27.00,-0.07,-0.19,28.00,-1.72,-0.66,27.00,-0.04,-0.03
3202246,27.00,0.04,-0.29,28.00,-2.19,-0.29,27.00,0.02,-0.09
3202307,27.00,0.10,-0.03,28.00,-2.57,-0.35,27.00,-0.04,-0.04
3202367,27.00,0.04,-0.32,28.00,-3.25,-0.10,27.00,-0.04,-0.04
3202427,27.00,-0.11,-0.26,28.00,-3.29,-0.23,27.00,-0.07,-0.07
3202487,27.00,-0.01,-0.29,28.00,-3.55,-0.15,27.00,-0.02,-0.03
3202547,27.00,-0.08,-0.25,28.00,-3.99,-0.22,27.00,-0.02,-0.05
3202607,27.00,0.01,0.07,28.00,-3.88,-0.71,27.00,0.01,-0.00
3202667,27.00,0.10,-0.24,28.00,-4.07,-0.06,27.00,-0.01,-0.12
3202727,27.00,0.05,-0.22,28.00,-3.74,-0.74,27.00,-0.02,-0.10
3202788,27.00,0.04,-0.27,28.00,-3.60,-0.49,27.00,0.02,0.01
3202848,27.00,0.20,-0.29,28.00,-3.26,-0.34,27.00,0.05,-0.05
3202908,27.00,0.07,-0.16,28.00,-3.11,-0.11,27.00,0.05,-0.04
3202968,27.00,0.20,-0.22,28.00,-2.59,-0.44,27.00,0.01,-0.08
3203028,27.00,-0.05,-0.43,28.00,-1.96,-0.89,27.00,0.04,-0.11
3203088,27.00,0.04,-0.15,28.00,-1.58,-0.76,27.00,-0.07,0.05
3203148,27.00,-0.10,-0.14,28.00,-0.77,0.02,27.00,-0.12,0.00
3203209,27.00,0.04,-0.17,28.00,-0.53,-0.57,27.00,0.04,-0.04
3203269,27.00,0.11,-0.23,28.00,0.10,-0.49,27.00,-0.01,-0.06
3203329,27.00,-0.02,-0.22,28.00,0.48,0.13,27.00,-0.07,-0.07
3203389,27.00,-0.02,-0.28,28.00,1.14,-0.16,27.00,-0.04,-0.02
3203449,27.00,0.02,0.00,28.00,1.82,-0.55,27.00,-0.05,0.08
3203509,27.00,0.07,-0.33,28.00,2.40,-0.54,27.00,-0.01,0.00
3203569,27.00,0.26,-0.20,28.00,3.05,-0.46,27.00,-0.02,-0.05
3203629,27.00,0.10,-0.23,28.00,3.17,0.19,27.00,-0.02,-0.05
3203690,27.00,0.04,-0.04,28.00,3.38,0.07,27.00,-0.01,-0.08
3203750,27.00,0.15,-0.18,28.00,3.76,-0.16,27.00,-0.02,0.01
3203810,27.00,0.04,-0.25,28.00,3.67,0.11,27.00,0.05,0.01
3203870,27.00,0.07,-0.01,28.00,3.73,0.07,27.00,0.04,-0.01
3203930,27.00,0.04,-0.23,28.00,3.79,-0.38,27.00,-0.07,0.00
3203990,27.00,0.07,-0.14,28.00,3.76,-0.32,27.00,0.04,-0.04
3204050,27.00,-0.08,-0.11,28.00,3.61,-0.18,27.00,0.02,0.01
3204111,27.00,-0.07,-0.11,28.00,3.05,0.10,27.00,0.04,-0.07
3204171,27.00,-0.02,-0.10,28.00,3.00,-0.20,27.00,0.02,0.01
3204231,27.00,0.04,-0.08,28.00,2.50,-0.23,27.00,-0.01,0.05
3204291,27.00,0.05,-0.23,28.00,1.88,-0.10,27.00,-0.07,0.00
3204351,27.00,-0.02,-0.16,28.00,1.27,0.17,27.00,-0.04,0.00
3204411,27.00,0.05,-0.15,28.00,0.75,0.00,27.00,-0.01,-0.05
3204471,27.00,0.02,-0.22,28.00,0.30,-0.21,27.00,-0.01,-0.04
3204531,27.00,-0.07,-0.23,28.00,-0.24,-0.31,27.00,-0.02,-0.00
3204592,27.00,0.05,-0.17,28.00,-0.87,0.10,27.00,-0.07,-0.08
3204652,27.00,0.11,-0.18,28.00,-1.38,-0.08,27.00,0.04,-0.07
3204712,27.00,-0.04,-0.07,28.00,-1.84,-0.36,27.00,-0.07,0.03
3204772,27.00,-0.11,-0.17,28.00,-2.22,0.04,27.00,0.10,0.02
3204832,27.00,-0.05,-0.06,28.00,-2.69,0.11,27.00,-0.05,-0.03
3204892,27.00,-0.17,-0.27,28.00,-3.30,-0.10,27.00,-0.01,-0.07
3204952,27.00,0.01,-0.11,28.00,-3.32,-0.22,27.00,-0.04,-0.07
3205013,27.00,0.04,-0.22,28.00,-3.80,-0.07,27.00,0.02,-0.05
3205073,27.00,-0.11,-0.17,28.00,-3.68,-0.06,27.00,0.04,-0.11
3205133,27.00,-0.04,-0.18,28.00,-4.29,0.21,27.00,0.02,-0.07
3205193,27.00,0.08,-0.02,28.00,-3.79,-0.24,27.00,0.02,-0.03
3205253,27.00,-0.02,-0.11,28.00,-3.92,-0.07,27.00,-0.02,-0.02
3205313,27.00,-0.01,-0.36,28.00,-3.64,-0.12,27.00,-0.04,0.07
3205373,27.00,0.02,-0.25,28.00,-3.30,-0.47,27.00,-0.01,0.02
3205433,27.00,-0.02,-0.25,28.00,-3.00,-0.33,27.00,-0.01,0.00
3205494,27.00,-0.07,-0.43,28.00,-2.76,-0.47,27.00,0.01,-0.06
3205554,27.00,0.02,-0.07,28.00,-1.94,0.12,27.00,0.02,-0.01
3205614,27.00,0.07,-0.30,28.00,-1.27,-0.75,27.00,0.04,-0.07
3205674,27.00,-0.07,-0.20,28.00,-0.81,-0.57,27.00,-0.07,-0.07
3205734,27.00,-0.01,-0.25,28.00,-0.34,-0.78,27.00,-0.05,-0.05
3205794,27.00,-0.02,-0.09,28.00,0.18,-0.36,27.00,0.04,-0.01
3205854,27.00,0.02,-0.15,28.00,1.18,-0.27,27.00,0.05,-0.02
3205915,27.00,0.01,-0.22,28.00,1.58,-0.07,27.00,-0.01,-0.05
3205975,27.00,-0.11,-0.20,28.00,1.97,0.17,27.00,0.01,0.02
3206035,27.00,-0.08,-0.21,28.00,2.44,-0.06,27.00,0.01,-0.02
3206095,27.00,-0.08,-0.34,28.00,2.81,0.09,27.00,-0.04,0.04
3206155,27.00,-0.11,-0.04,28.00,3.14,0.09,27.00,-0.08,0.07
3206215,27.00,-0.15,-0.20,28.00,3.19,0.01,27.00,-0.05,-0.01
3206275,27.00,-0.14,-0.24,28.00,3.99,-0.49,27.00,-0.02,-0.05
3206335,27.00,0.01,-0.26,28.00,3.92,0.29,27.00,0.04,-0.08
3206396,27.00,-0.05,-0.17,28.00,3.71,0.05,27.00,-0.01,0.01
3206456,27.00,-0.14,-0.25,28.00,3.74,0.29,27.00,0.02,-0.00
3206516,27.00,0.15,-0.14,28.00,3.49,0.04,27.00,0.02,-0.11
3206576,27.00,-0.14,-0.26,28.00,3.38,-0.51,27.00,0.07,0.00
3206636,27.00,0.10,-0.15,28.00,3.00,0.19,27.00,-0.01,-0.06
3206696,27.00,0.04,-0.09,28.00,2.86,0.40,27.00,0.04,-0.07
3206756,27.00,-0.04,-0.25,28.00,2.09,0.21,27.00,-0.08,-0.00
3206817,27.00,-0.02,0.01,28.00,1.87,0.38,27.00,0.04,-0.04
3206877,27.00,0.07,-0.17,28.00,1.19,0.20,27.00,-0.02,-0.07
3206937,27.00,0.08,-0.18,28.00,0.58,0.16,27.00,-0.04,-0.02
3206997,27.00,-0.05,-0.15,28.00,0.05,-0.04,27.00,-0.02,0.01
3207057,27.00,0.17,-0.13,28.00,-0.30,-0.22,27.00,0.05,-0.08
3207117,27.00,-0.05,-0.31,28.00,-0.89,0.00,27.00,-0.02,0.04
3207177,27.00,0.02,-0.14,28.00,-1.33,-0.13,27.00,-0.05,0.07
3207238,27.00,0.15,-0.01,28.00,-2.18,0.00,27.00,-0.05,-0.02
3207298,27.00,0.02,-0.17,28.00,-2.62,-0.03,27.00,0.05,0.05
3207358,27.00,0.05,-0.25,28.00,-2.72,-0.38,27.00,-0.05,0.13
3207418,27.00,-0.08,-0.15,28.00,-3.52,-0.51,27.00,0.02,-0.04
3207478,27.00,0.05,-0.21,28.00,-3.73,-0.38,27.00,-0.04,-0.11
3207538,27.00,0.05,-0.25,28.00,-3.71,-0.05,27.00,0.01,-0.07
3207598,27.00,-0.12,-0.21,28.00,-3.64,0.15,27.00,-0.01,-0.11
3207658,27.00,-0.05,-0.42,28.00,-4.01,-0.27,27.00,0.01,0.05
3207719,27.00,0.11,-0.15,28.00,-3.85,-0.14,27.00,-0.01,-0.04
3207779,27.00,-0.11,-0.16,28.00,-3.74,-0.36,27.00,-0.04,-0.08
3207839,27.00,0.02,-0.18,28.00,-3.58,-0.86,27.00,-0.01,0.03
3207899,27.00,-0.02,-0.03,28.00,-3.01,-0.24,27.00,0.01,-0.11
3207959,27.00,-0.10,-0.10,28.00,-2.79,-0.40,27.00,-0.02,-0.04
3208019,27.00,-0.11,-0.39,28.00,-2.15,-0.37,27.00,-0.07,-0.02
3208079,27.00,0.05,-0.24,28.00,-1.56,-0.32,27.00,0.02,-0.03
3208140,27.00,-0.04,-0.09,28.00,-0.96,-0.44,27.00,-0.02,0.03
3208200,27.00,0.08,-0.24,28.00,-0.61,-0.86,27.00,-0.04,-0.02
3208260,27.00,-0.04,-0.14,28.00,-0.12,-0.66,27.00,-0.07,-0.03
3208320,27.00,-0.17,-0.13,28.00,0.55,-0.19,27.00,-0.01,-0.01
3208380,27.00,-0.07,-0.19,28.00,0.97,-0.28,27.00,-0.02,-0.03
3208440,27.00,-0.05,-0.11,28.00,1.72,-0.22,27.00,0.01,-0.10
3208500,27.00,0.05,-0.23,28.00,2.13,0.22,27.00,0.01,-0.02
3208560,27.00,-0.01,-0.32,28.00,2.72,0.07,27.00,-0.04,-0.02
3208621,27.00,-0.04,-0.32,28.00,3.29,0.15,27.00,0.01,0.00
3208681,27.00,0.01,-0.37,28.00,3.45,-0.13,27.00,-0.01,-0.05
3208741,27.00,0.17,-0.16,28.00,3.76,-0.49,27.00,0.02,0.00
3208801,27.00,0.02,-0.08,28.00,3.71,-0.25,27.00,0.04,-0.07
3208861,27.00,0.07,-0.21,28.00,3.85,-0.29,27.00,-0.02,-0.07
3208921,27.00,-0.01,-0.09,28.00,3.82,0.13,27.00,-0.05,-0.01
3208981,27.00,0.01,-0.24,28.00,3.85,0.26,27.00,-0.02,-0.06
3209042,27.00,-0.04,-0.33,28.00,3.61,-0.07,27.00,0.02,-0.07
3209102,27.00,-0.02,-0.13,28.00,3.63,-0.52,27.00,0.02,0.01
3209162,27.00,-0.05,-0.17,28.00,2.98,-0.02,27.00,-0.04,-0.02
3209222,27.00,0.07,-0.18,28.00,2.72,0.17,27.00,-0.04,0.04
3209282,27.00,-0.05,-0.23,28.00,2.18,0.60,27.00,-0.01,0.04
3209342,27.00,0.05,-0.29,28.00,1.46,0.14,27.00,-0.04,-0.07
3209402,27.00,0.01,-0.00,28.00,1.22,0.00,27.00,-0.05,0.01
3209462,27.00,-0.04,-0.26,28.00,0.34,0.19,27.00,-0.08,-0.09
3209523,27.00,0.10,-0.25,28.00,-0.05,-0.11,27.00,-0.02,-0.08
3209583,27.00,0.05,-0.17,28.00,-0.74,-0.38,27.00,-0.05,-0.02
3209643,27.00,0.17,-0.21,28.00,-1.37,-0.65,27.00,-0.02,0.03
3209703,27.00,0.02,-0.24,28.00,-2.04,-0.58,27.00,-0.02,-0.06
3209763,27.00,0.02,-0.27,28.00,-2.50,-0.22,27.00,0.05,-0.02
3209823,27.00,0.12,-0.18,28.00,-2.73,-0.31,27.00,-0.05,-0.08
3209883,27.00,-0.11,-0.22,28.00,-3.07,-0.18,27.00,-0.02,-0.07
3209944,27.00,0.02,-0.22,28.00,-3.44,-0.32,27.00,0.01,-0.03
3210004,27.00,0.01,-0.26,28.00,-3.74,-0.49,27.00,0.04,-0.07
3210064,27.00,-0.23,-0.08,28.00,-3.64,-0.51,27.00,-0.02,-0.03
3210124,27.00,0.05,-0.22,28.00,-3.96,-0.50,27.00,0.02,-0.12
3210184,27.00,-0.11,-0.21,28.00,-3.82,-0.02,27.00,-0.01,-0.11
3210244,27.00,-0.04,-0.14,28.00,-3.64,-0.90,27.00,-0.02,-0.08
3210304,27.00,-0.11,-0.09,28.00,-3.41,-0.07,27.00,-0.01,-0.04
3210364,27.00,-0.04,-0.31,28.00,-3.30,-0.14,27.00,-0.02,-0.05
3210425,27.00,0.05,-0.31,28.00,-2.62,-0.63,27.00,-0.01,0.12
3210485,27.00,-0.02,-0.15,28.00,-2.32,-0.68,27.00,0.02,0.00
3210545,27.00,0.10,-0.18,28.00,-1.99,-0.79,27.00,-0.05,0.03
3210605,27.00,-0.20,-0.36,28.00,-1.55,-0.59,27.00,0.01,0.02
3210665,27.00,0.11,-0.24,28.00,-0.83,-1.00,27.00,-0.02,-0.06
3210725,27.00,-0.07,-0.46,28.00,-0.36,-0.86,27.00,-0.04,-0.11
3210785,27.00,-0.05,0.09,28.00,0.39,-0.20,27.00,0.04,-0.01
3210846,27.00,0.04,-0.19,28.00,0.84,-0.41,27.00,0.02,-0.11
3210906,27.00,-0.08,-0.24,28.00,1.30,-0.15,27.00,0.05,-0.04
3210966,27.00,-0.01,-0.26,28.00,1.90,-0.25,27.00,-0.04,-0.02
3211026,27.00,-0.14,-0.13,28.00,2.59,-0.15,27.00,0.02,-0.01
3211086,27.00,-0.26,0.00,28.00,2.72,-0.15,27.00,-0.01,-0.05
3211146,27.00,-0.11,-0.13,28.00,3.17,-0.22,27.00,0.01,-0.00
3211206,27.00,-0.01,-0.18,28.00,3.36,0.20,27.00,0.01,0.03
3211266,27.00,0.02,-0.29,28.00,3.77,-0.15,27.00,-0.01,-0.06
3211327,27.00,0.01,-0.19,28.00,3.99,-0.06,27.00,-0.02,-0.05
3211387,27.00,-0.18,-0.14,28.00,3.98,0.12,27.00,-0.02,0.02
3211447,27.00,0.05,-0.22,28.00,3.99,-0.29,27.00,0.07,0.02
3211507,27.00,-0.05,-0.15,28.00,3.58,0.26,27.00,0.02,-0.07
3211567,27.00,-0.11,-0.15,28.00,3.41,0.20,27.00,0.04,-0.07
3211627,27.00,0.05,-0.18,28.00,3.23,0.42,27.00,-0.01,-0.05
3211687,27.00,0.01,-0.16,28.00,2.92,-0.21,27.00,0.07,0.00
3211748,27.00,-0.08,-0.10,28.00,2.35,0.05,27.00,-0.04,0.02
3211808,27.00,0.08,-0.19,28.00,1.97,0.21,27.00,-0.05,-0.00
3211868,27.00,0.05,-0.14,28.00,1.52,-0.03,27.00,-0.01,0.01
3211928,27.00,0.10,-0.20,28.00,0.80,-0.64,27.00,-0.04,-0.07
3211988,27.00,0.01,-0.21,28.00,0.23,-0.14,27.00,0.02,-0.03
3212048,27.00,-0.12,-0.19,28.00,-0.27,-0.24,27.00,-0.04,-0.00
3212108,27.00,0.04,-0.31,28.00,-0.89,-0.36,27.00,0.08,-0.07
3212169,27.00,0.07,-0.21,28.00,-1.55,-0.22,27.00,-0.01,-0.02
3212229,27.00,-0.10,-0.33,28.00,-2.18,-0.33,27.00,-0.05,-0.07
3212289,27.00,0.15,-0.12,28.00,-2.51,0.00,27.00,0.01,0.03
3212349,27.00,-0.05,-0.23,28.00,-3.20,-0.06,27.00,-0.01,-0.04
3212409,27.00,-0.04,-0.04,28.00,-3.22,-0.13,27.00,0.04,-0.11
3212469,27.00,-0.07,-0.21,28.00,-3.66,-0.05,27.00,-0.04,-0.00
3212529,27.00,0.14,-0.10,28.00,-3.70,0.01,27.00,-0.01,-0.12
3212589,27.00,-0.01,-0.31,28.00,-3.90,-0.29,27.00,0.07,-0.00
3212650,27.00,0.02,-0.06,28.00,-3.77,-0.08,27.00,-0.01,0.01
3212710,27.00,0.17,0.04,28.00,-4.04,-0.77,27.00,0.07,-0.04
3212770,27.00,0.04,-0.15,28.00,-3.54,-0.73,27.00,0.07,-0.05
3212830,27.00,-0.07,-0.12,28.00,-3.45,-0.49,27.00,0.02,-0.05
3212890,27.00,-0.08,-0.37,28.00,-2.81,-0.52,27.00,-0.02,0.06
3212950,27.00,0.07,-0.23,28.00,-2.84,-0.90,27.00,0.01,-0.02
3213010,27.00,0.20,-0.28,28.00,-2.53,-0.65,27.00,-0.04,-0.04
3213070,27.00,-0.05,-0.28,28.00,-2.04,-0.83,27.00,-0.01,0.01
3213131,27.00,0.04,-0.20,28.00,-1.21,-0.44,27.00,-0.02,-0.07
3213191,27.00,-0.04,-0.29,28.00,-0.67,-0.34,27.00,0.04,-0.07
3213251,27.00,0.04,-0.26,28.00,-0.12,-0.42,27.00,0.01,-0.03
3213311,27.00,0.08,-0.06,28.00,0.51,-0.59,27.00,-0.01,-0.06
3213371,27.00,0.10,-0.25,28.00,1.08,0.27,27.00,-0.04,0.01
3213431,27.00,0.17,-0.18,28.00,1.53,-0.05,27.00,-0.04,-0.03
3213491,27.00,-0.17,-0.29,28.00,2.10,-0.44,27.00,0.04,-0.01
3213552,27.00,-0.10,-0.36,28.00,2.50,0.32,27.00,0.02,-0.09
3213612,27.00,0.02,-0.22,28.00,2.88,0.04,27.00,-0.05,-0.02
3213672,27.00,0.02,-0.21,28.00,3.25,0.20,27.00,-0.02,-0.02
3213732,27.00,0.02,-0.34,28.00,3.64,-0.17,27.00,-0.04,-0.06
3213792,27.00,-0.01,-0.21,28.00,3.88,-0.16,27.00,0.04,-0.04
3213852,27.00,-0.02,-0.02,28.00,3.58,0.53,27.00,-0.01,0.06
3213912,27.00,-0.04,-0.17,28.00,3.74,-0.15,27.00,-0.02,-0.07
3213973,27.00,-0.20,-0.21,28.00,3.73,0.11,27.00,-0.01,-0.08
3214033,27.00,0.05,-0.23,28.00,3.33,0.40,27.00,-0.04,0.00
3214093,27.00,0.10,-0.34,28.00,3.35,0.08,27.00,0.01,-0.01
3214153,27.00,-0.01,-0.32,28.00,2.97,-0.07,27.00,0.02,0.03
3214213,27.00,-0.05,-0.11,28.00,2.59,-0.05,27.00,-0.04,-0.07
3214273,27.00,0.07,-0.23,28.00,1.93,-0.20,27.00,-0.04,0.01
3214333,27.00,0.02,-0.27,28.00,1.60,-0.18,27.00,-0.01,-0.06
3214393,27.00,-0.02,-0.06,28.00,1.22,-0.19,27.00,-0.04,0.06
3214454,27.00,-0.04,-0.03,28.00,0.62,-0.18,27.00,0.01,-0.03
3214514,27.00,0.07,-0.10,28.00,0.02,0.12,27.00,-0.01,0.02
3214574,27.00,-0.08,-0.07,28.00,-0.51,-0.31,27.00,0.01,-0.11
3214634,27.00,0.04,-0.32,28.00,-1.16,0.07,27.00,-0.04,0.01
3214694,27.00,0.11,-0.23,28.00,-1.90,0.31,27.00,-0.05,-0.07
3214754,27.00,-0.15,-0.29,28.00,-2.15,-0.33,27.00,-0.02,-0.07
3214814,27.00,0.05,-0.22,28.00,-2.57,-0.06,27.00,0.01,-0.01
3214875,27.00,0.08,-0.29,28.00,-2.91,-0.22,27.00,-0.02,-0.06
3214935,27.00,0.02,-0.22,28.00,-3.25,-0.07,27.00,0.04,-0.07
3214995,27.00,0.02,-0.37,28.00,-3.47,-0.55,27.00,0.01,0.05
3215055,27.00,0.10,-0.28,28.00,-3.70,-0.10,27.00,0.01,-0.06
3215115,27.00,-0.04,-0.24,28.00,-4.04,0.36,27.00,0.01,-0.04
3215175,27.00,-0.07,-0.31,28.00,-3.80,0.04,27.00,-0.01,-0.07
3215235,27.00,0.04,-0.17,28.00,-4.01,-0.32,27.00,-0.04,0.00
3215295,27.00,-0.07,-0.22,28.00,-3.48,-0.53,27.00,0.07,-0.03
3215356,27.00,0.02,-0.07,28.00,-3.22,-0.22,27.00,-0.05,-0.16
3215416,27.00,-0.11,-0.37,28.00,-2.78,-0.20,27.00,0.02,-0.11
3215476,27.00,-0.11,-0.19,28.00,-2.50,-0.97,27.00,-0.07,-0.04
3215536,27.00,-0.02,-0.22,28.00,-1.88,-1.16,27.00,-0.04,-0.02
3215596,27.00,-0.04,-0.18,28.00,-1.34,-0.26,27.00,0.04,-0.00
